time;ax (m/s^2);ay (m/s^2);az (m/s^2);aT (m/s^2)
1,596615;-0,0238;0,3753;-1,4957;1,542
1,597466;0,0681;0,2200;-0,0544;0,237
1,621387;-0,1482;-0,4671;0,0026;0,490
1,621714;-0,2508;-0,5003;0,0571;0,563
1,621979;-0,3909;-0,6083;0,1070;0,731
1,646365;-0,4565;-0,7894;-0,2046;0,935
1,646673;-0,2960;-0,7744;0,4118;0,926
1,671863;-0,2886;-0,8342;0,4511;0,991
1,672214;-0,1638;-0,7785;0,9888;1,269
1,672442;-0,2030;-0,7842;1,0051;1,291
1,696482;-0,2855;-0,6254;1,1284;1,321
1,697822;-0,1387;-0,6191;1,1791;1,339
1,722639;-0,2582;-0,5708;1,1626;1,321
1,723383;-0,4920;-0,5571;1,1241;1,348
1,723830;-0,6070;-0,3859;1,0798;1,297
1,747596;-0,3326;-0,2453;1,0254;1,106
1,748977;-0,2473;-0,1387;0,9579;0,999
1,772802;-0,1611;-0,0674;0,8667;0,884
1,774774;0,0024;-0,0709;0,7465;0,750
1,775360;0,0898;0,0420;0,6521;0,660
1,797339;0,1384;0,1953;0,4949;0,550
1,798685;0,3423;0,3469;0,4029;0,632
1,822629;0,5086;0,6897;0,0586;0,859
1,823838;0,6360;0,8773;-0,0244;1,084
1,824533;0,4662;0,9717;-0,2795;1,113
1,847401;0,1796;0,8261;-0,3211;0,904
1,848705;0,5399;0,8358;-0,5098;1,118
1,872824;0,8237;0,3450;-0,5439;1,046
1,874206;0,4159;-0,1477;-0,6725;0,804
1,875121;0,2709;-0,9503;-0,6867;1,203
1,896943;0,8799;-2,3751;-0,6926;2,626
1,898643;-0,0531;-1,5034;-1,2951;1,985
1,924610;-0,6049;-1,0173;-1,2527;1,723
1,926101;0,0687;-1,4129;-0,1326;1,421
1,926896;-0,2163;-1,2716;-0,0871;1,293
1,946703;-0,6566;-1,3949;0,0581;1,543
1,947333;-0,6150;-1,5366;-0,1085;1,659
1,973701;-0,0845;-0,8213;-0,0925;0,831
1,975042;-0,7025;0,2020;-0,0794;0,735
1,975710;-1,4319;1,1858;-0,0690;1,860
1,997112;-0,7410;2,2035;-1,2414;2,635
1,998640;0,5666;3,1418;-1,4946;3,525
2,024359;0,1484;2,7408;-1,4788;3,118
2,026203;-0,5749;2,2249;-1,4648;2,725
2,027083;-1,3292;1,4753;-1,4545;2,462
2,047324;-1,9382;0,6948;-3,3106;3,899
2,049185;-2,4479;-0,0783;-3,2661;4,082
2,073070;-1,2717;-2,2335;-3,2148;4,116
2,074935;-0,4423;-1,6324;-3,1551;3,580
2,076258;-2,8644;0,7201;-2,5040;3,872
2,097531;-3,0164;2,1819;-2,4207;4,441
2,099088;-2,7152;3,2310;-2,3213;4,817
2,124091;-1,7240;6,5387;-2,1870;7,107
2,125909;-1,5929;6,3629;-2,3262;6,959
2,127179;-0,3871;6,4645;-2,1181;6,814
2,147450;0,1332;5,0818;-1,9134;5,432
2,149483;-0,0716;3,5171;-0,3710;3,537
2,171598;-0,5399;1,7319;-0,1771;1,823
2,172896;-0,7299;-0,0873;0,0131;0,735
2,173638;-0,6525;-0,1503;0,1067;0,678
2,197945;-2,2723;-1,7178;0,2108;2,856
2,199702;-2,8459;-1,5340;0,3509;3,252
2,222573;-3,6546;0,4598;0,4755;3,714
2,223981;-1,6104;1,3394;0,5904;2,176
2,224974;3,9968;0,6601;0,6472;4,102
2,247403;4,4153;0,2616;0,7226;4,482
2,249269;-0,3137;0,4457;1,6385;1,727
2,272636;-3,0834;0,5684;1,6693;3,552
2,274692;-4,1610;0,8273;1,6356;4,547
2,275863;-5,1335;1,1699;1,5794;5,497
2,297458;-6,2224;1,2691;-1,8898;6,626
2,299269;-7,0038;1,8143;-1,9534;7,494
2,322332;-7,6087;2,1994;-3,8950;8,826
2,324950;-7,7953;2,2683;-3,9604;9,033
2,326678;-7,7205;2,2923;-4,0273;9,004
2,347712;-6,5869;1,8153;-4,0925;7,964
2,350201;-3,9719;0,9053;-3,8128;5,580
2,372386;-0,2303;0,5683;-3,8387;3,887
2,374646;0,0479;0,4925;-3,7501;3,783
2,375944;-2,9906;0,7515;-3,0526;4,339
2,397489;-4,9958;1,2063;-2,8163;5,860
2,399448;-5,4698;1,3300;-2,5745;6,190
2,422409;-1,3217;0,5127;-2,3273;2,725
2,424358;1,2184;-0,0111;-2,0783;2,409
2,425226;2,5216;-0,4714;0,0489;2,566
2,447350;2,8791;-0,7616;0,2970;2,993
2,448706;2,6961;-0,9283;2,0740;3,526
2,472388;2,0732;-0,8226;2,2985;3,203
2,474685;2,5482;-0,8012;5,8138;6,398
2,475725;3,0553;-0,4781;6,0340;6,780
2,497574;2,8423;0,0000;6,2552;6,871
2,499579;1,8716;0,3579;3,3085;3,818
2,522522;-0,8323;0,3174;3,3772;3,493
2,524841;-2,1412;0,1789;1,1362;2,431
2,525985;-2,6591;-0,1961;0,9751;2,839
2,547523;-1,3931;-0,4924;-0,0077;1,478
2,549595;1,2654;-0,2475;-0,1878;1,303
2,572652;1,1783;0,8081;-0,3709;1,476
2,574633;-0,0267;1,2602;-0,5571;1,378
2,575805;-1,3045;1,0706;0,1351;1,693
2,597373;-2,4451;-0,1480;-0,0495;2,450
2,599372;-2,5575;-1,4041;1,8010;3,429
2,622583;-1,9274;-2,0512;1,6347;3,255
2,624787;-1,8405;-2,0527;2,1550;3,499
2,625987;-1,7031;-1,6707;1,9850;3,104
2,647153;-1,5868;-1,0548;1,8146;2,631
2,649467;-1,2712;-0,8195;1,6756;2,257
2,672765;-0,8462;-0,5888;1,6298;1,928
2,675286;-0,4384;-0,3187;1,7155;1,799
2,676188;-0,1834;-0,0046;1,6521;1,662
2,698013;-0,0487;0,2389;1,8991;1,915
2,699613;0,4226;0,4479;1,7916;1,894
2,722713;0,6683;0,6598;1,6849;1,929
2,725091;1,0708;0,4919;1,2341;1,706
2,726210;1,1585;-0,0185;1,1285;1,617
2,747549;1,3823;-0,6028;0,0182;1,508
2,749987;1,2759;-0,9595;-0,1040;1,600
2,772692;1,3291;-1,3600;-0,2256;1,915
2,774552;0,8569;-1,3402;-0,3459;1,628
2,775698;0,4783;-0,8607;-0,4667;1,090
2,803232;0,6343;-0,1498;-0,2407;0,695
2,804994;0,4424;0,4088;-0,3558;0,700
2,822229;0,5944;0,8463;-0,4393;1,124
2,824223;0,4017;1,0047;-0,4764;1,182
2,825049;0,3244;0,7716;-0,4785;0,964
2,847297;0,5581;0,5305;-0,4468;0,890
2,849641;0,6406;0,4026;-0,9804;1,238
2,872718;1,0240;0,2741;-0,9348;1,413
2,875027;1,1759;0,3723;-1,4089;1,873
2,875844;1,3676;0,4712;-1,3450;1,975
2,896496;1,5361;0,6086;-2,0435;2,628
2,897678;1,6049;1,0149;-2,2822;2,969
2,921884;1,4876;0,8856;-2,2144;2,811
2,923042;1,0285;0,6013;-2,1732;2,478
2,923809;0,8279;0,1258;-2,0907;2,252
2,947402;1,1078;-0,0081;-1,9452;2,239
2,949403;1,2279;0,3186;-1,8321;2,228
2,972166;0,9192;0,7623;-1,2205;1,708
2,974499;0,3034;1,2082;-1,1081;1,667
2,975791;-0,4275;1,5413;-0,9205;1,845
2,997146;-0,9261;1,4931;-0,8087;1,934
2,999202;-1,0342;1,4845;-0,6966;1,939
3,022483;-0,2163;0,4051;-0,5897;0,747
3,024406;-0,2005;-0,0584;-0,4999;0,542
3,025606;-0,4073;-0,3688;-0,7084;0,896
3,047107;-0,4810;-0,4500;-0,9524;1,158
3,049343;-0,6964;-0,4163;-0,8504;1,175
3,072811;-0,4461;-0,0372;-1,0939;1,182
3,074949;0,0378;0,2664;-1,0043;1,040
3,076091;-0,4492;-0,5041;-1,9143;2,030
3,096980;-0,7261;-1,5430;-1,8541;2,519
3,098667;-0,4579;-2,0076;-2,1474;2,975
3,122329;-0,9470;-1,8974;-2,1182;2,997
3,124173;-0,0931;-1,3659;-2,2348;2,621
3,125471;0,5677;-0,7956;-2,0393;2,261
3,147447;0,8046;0,4264;-1,9796;2,179
3,149616;1,1931;2,5686;-1,4161;3,167
3,172516;1,1211;3,1036;-1,2963;3,545
3,174888;0,4343;3,1041;0,4338;3,164
3,175944;0,7689;2,9533;0,5467;3,100
3,197329;2,5991;2,5759;1,1157;3,826
3,199386;2,8435;2,3154;6,3553;7,337
3,222709;1,9181;1,5975;6,4601;6,926
3,225041;0,4498;0,1919;6,5635;6,582
3,226306;-0,0995;-0,9827;6,6663;6,739
3,247390;-0,1903;-1,5476;0,4403;1,620
3,249553;-0,0149;-1,9986;0,4808;2,056
3,272578;1,9988;-1,6837;0,5137;2,663
3,275272;1,9405;-1,6777;1,1317;2,804
3,276524;2,3356;-0,7554;1,0994;2,690
3,297454;1,1890;-0,0247;4,0004;4,173
3,299622;0,1147;0,7414;3,9070;3,978
3,322853;-0,3304;1,2371;3,7926;4,003
3,325113;-0,4138;1,7308;3,6567;4,067
3,326395;-0,2995;1,7252;2,1653;2,785
3,347368;-0,1279;1,1458;1,9599;2,274
3,349536;0,0092;0,4553;1,7548;1,813
3,372459;0,2725;-0,3473;1,5490;1,611
3,374531;0,9939;-1,2602;1,4941;2,193
3,375535;1,5167;-1,7460;1,2836;2,645
3,397886;1,1453;-1,7308;4,5256;4,979
3,400360;0,3074;-0,9082;5,2120;5,299
3,422559;-0,7195;0,1857;5,0485;5,103
3,424477;-0,6189;-0,0981;4,8767;4,917
3,425474;-0,3792;-0,7615;4,6780;4,755
3,447393;-0,2360;-1,1941;-0,6129;1,363
3,449408;-0,0840;-1,5969;-3,9274;4,241
3,472244;-0,2177;-1,6934;-4,0388;4,385
3,474850;-0,4470;-1,8674;-4,1259;4,551
3,476098;-1,0245;-2,0133;-4,1590;4,733
3,497454;-1,3782;-2,5444;-2,5688;3,869
3,499763;-1,7330;-3,2279;-2,5902;4,487
3,529232;-1,8557;-4,6082;-2,0810;5,386
3,531510;-1,8520;-4,6184;-2,0353;5,376
3,532799;-1,6383;-5,0182;-0,8969;5,354
3,547225;-1,0588;-5,4585;-0,8320;5,622
3,549023;-0,7219;-5,2122;-0,7665;5,318
3,571685;-0,5007;-4,6997;-1,5268;4,967
3,572767;-0,1813;-4,2657;-1,4136;4,497
3,573253;0,2694;-3,9906;-1,2349;4,186
3,597316;0,6771;-3,9428;-1,0436;4,134
3,598401;1,4672;-3,5779;-0,6075;3,914
3,623681;1,9936;-3,4396;-0,4963;4,006
3,625818;1,9901;-3,4540;0,0376;3,986
3,626359;1,5564;-3,4658;0,1479;3,802
3,646912;0,6881;-3,5124;5,5697;6,621
3,647952;-0,6852;-3,4806;12,4819;12,976
3,672189;-3,2472;-3,6735;12,4980;13,425
3,674867;-3,2872;-3,2501;12,4664;13,296
3,676216;-3,6468;-2,2870;12,4036;13,129
3,696974;-4,8970;-2,1652;10,8079;12,061
3,698170;-5,7138;-2,1168;10,7453;12,353
3,724322;-4,8404;-1,6740;10,2296;11,440
3,726847;-3,3710;-0,2316;18,2743;18,584
3,727914;-2,0384;1,2943;17,1463;17,315
3,747094;-1,3629;2,7143;16,1620;16,445
3,748241;-0,4334;3,9419;0,2908;3,976
3,772575;0,6301;5,0429;-0,3543;5,094
3,774366;1,2877;6,0123;-3,1781;6,921
3,775039;1,5514;7,5253;-3,6012;8,486
3,797010;1,9995;7,6400;-3,9199;8,817
3,798120;2,9680;5,6867;-4,1388;7,634
3,823568;3,4685;3,3494;7,2934;8,743
3,825960;3,2317;1,1492;7,1745;7,952
3,827215;3,1763;-0,2168;10,0144;10,508
3,846837;3,1697;-0,6366;9,9165;10,430
3,848433;3,0041;-0,0171;9,7878;10,238
3,872476;2,7635;1,3009;9,7156;10,184
3,874813;2,1183;3,1459;9,6803;10,397
3,875624;1,4226;5,2074;9,7130;11,112
3,897577;0,7575;6,7324;9,9014;11,997
3,899991;-0,1682;8,4333;9,9215;13,022
3,923053;-2,3893;11,4700;9,9175;15,350
3,925400;-4,1826;12,8236;9,4532;16,471
3,927129;-5,8935;13,9501;9,4477;17,849
3,945866;-8,1361;15,7031;7,9006;19,370
3,947227;-8,1797;15,7279;7,8854;19,402
3,971840;-10,8887;16,9873;5,1562;20,826
3,974100;-6,6593;16,3496;3,8177;18,062
3,974846;-1,7230;15,3650;3,8064;15,923
3,997148;1,4848;12,0319;-7,3953;14,201
3,998229;2,8611;9,6749;-7,3579;12,487
4,023065;2,6625;8,5081;-17,9411;20,034
4,025098;0,8956;7,8053;-17,8459;19,499
4,026483;-0,6362;6,2758;-23,5897;24,419
4,046432;-1,2772;3,5128;-23,4607;23,757
4,049105;-0,7312;-2,3946;-23,3219;23,456
4,071645;-0,2631;-4,7987;-21,0511;21,593
4,073062;0,0106;-6,8463;-20,7284;21,830
4,073632;0,1612;-8,4324;-9,6865;12,844
4,097130;0,3480;-9,6723;-9,2460;13,385
4,098201;0,9533;-11,5101;-7,5040;13,773
4,121927;1,7700;-13,3200;-7,0039;15,153
4,124240;2,2242;-14,9299;-4,3720;15,715
4,125836;1,8773;-15,7041;-3,8800;16,285
4,146505;1,2486;-15,5007;-2,8196;15,804
4,147737;0,4778;-14,8710;-2,1999;15,040
4,172062;-0,6374;-13,6173;-1,4323;13,707
4,173090;-0,6371;-13,7687;-0,5562;13,795
4,173621;-1,5294;-12,6947;0,4544;12,795
4,196916;-1,8140;-12,7274;1,0610;12,900
4,198253;-1,9376;-12,4173;2,5828;12,830
4,222195;-1,6850;-11,6259;4,4046;12,546
4,224101;-0,6109;-10,9776;5,4990;12,293
4,225410;0,2925;-9,2189;7,3351;11,785
4,247089;1,8295;-5,3880;8,9177;10,578
4,248074;2,3471;0,5402;2,8932;3,764
4,272438;1,8852;4,2800;0,3489;4,690
4,274807;1,5370;5,7481;-1,6754;6,181
4,275624;1,3426;6,3946;-3,0210;7,199
4,296658;0,8748;7,0320;1,9617;7,353
4,297597;0,0049;7,6117;1,1989;7,706
4,321953;-1,0273;8,4256;1,0385;8,551
4,322765;-1,2788;8,6485;0,6141;8,764
4,323299;-1,1107;8,7749;0,6864;8,872
4,347128;-0,5578;9,6554;0,6625;9,694
4,349191;-0,1180;10,5717;1,2876;10,651
4,372451;-1,4758;11,7549;1,3803;11,927
4,374805;-2,4452;12,7064;1,4800;13,024
4,375777;-1,7787;12,4316;1,5735;12,656
4,397023;-0,3735;11,0820;4,5121;11,971
4,398691;0,7291;9,8081;4,4610;10,800
4,422551;1,4286;8,9900;4,3726;10,099
4,423861;1,6599;8,9710;1,7436;9,288
4,424472;2,0404;9,0893;1,4557;9,429
4,447563;2,3117;9,6760;-0,6790;9,971
4,449570;2,7678;9,7954;-1,2333;10,253
4,471970;3,3434;9,8077;-1,8975;10,534
4,472871;3,6762;9,8577;-2,8241;10,893
4,473452;4,2955;10,0077;-3,8513;11,552
4,497266;4,0067;8,8659;-5,1324;11,000
4,498553;3,3924;7,1186;-7,8745;11,144
4,522573;2,8613;5,8668;-9,0467;11,156
4,524337;2,5470;4,7133;-10,1612;11,487
4,526370;2,3790;3,7191;-10,8765;11,738
4,547004;1,8294;2,8295;-11,9336;12,400
4,548600;1,2473;2,3474;-12,1047;12,393
4,572132;1,1535;4,4536;-12,3752;13,203
4,573349;0,0724;6,2914;-11,2242;12,867
4,574037;-0,5946;11,7227;-10,2838;15,606
4,597182;0,1219;21,9763;-6,5428;22,930
4,599315;1,5855;34,5069;-3,6034;34,731
4,621965;-1,4113;47,3605;-1,6858;47,412
4,622768;-8,0546;56,2051;0,9067;56,787
4,623309;-17,2254;69,3293;1,6354;71,456
4,646529;-25,0957;71,7679;1,7405;76,049
4,647804;-30,0108;56,6256;1,4965;64,104
4,672212;-12,6775;32,5261;0,5345;34,913
4,673910;-9,9762;22,4286;0,1505;24,548
4,674547;-7,1217;13,9258;-0,3567;15,645
4,697148;-3,9658;1,0499;3,3550;5,300
4,698215;-3,3720;-3,1330;3,9165;6,044
4,721957;-2,9423;-6,5151;3,7700;8,082
4,722689;-2,3069;-8,5397;4,2618;9,819
4,723205;-2,2516;-10,0993;4,1318;11,142
4,746450;-2,5363;-11,0394;4,0129;12,017
4,747681;-2,3797;-11,3582;3,3549;12,080
4,772095;-1,6934;-10,7615;3,2293;11,362
4,773512;1,2988;-9,5115;3,0191;10,063
4,774080;5,6676;-7,7606;2,8826;10,033
4,797465;5,4443;-5,8517;2,6809;8,430
4,799998;2,5871;-4,0162;2,5488;5,415
4,822421;-2,8079;-1,2930;1,4659;3,421
4,824039;-2,7877;-1,7390;1,3448;3,550
4,825261;-1,3052;-3,3612;-2,8979;4,626
4,847057;-0,0600;-5,2383;-3,0744;6,074
4,848058;0,3340;-6,6608;-3,2952;7,439
4,872304;0,4562;-7,6437;-3,5804;8,453
4,874154;0,5749;-8,3580;-1,8171;8,572
4,874734;0,8505;-8,6884;-2,3343;9,037
4,897136;1,3637;-8,8595;-0,6089;8,985
4,899439;2,3759;-8,6308;-1,5437;9,084
4,922064;3,2730;-8,2254;-2,1598;9,112
4,922892;4,1273;-7,7868;-3,6850;9,552
4,923385;4,7767;-7,5571;-3,6258;9,647
4,946450;5,1228;-7,5787;-3,4609;9,781
4,947383;5,7644;-7,3876;-3,3124;9,939
4,972153;6,1048;-7,2361;-3,1784;9,987
4,973658;6,7028;-6,9406;-3,0318;10,114
4,974654;7,2166;-6,2309;-2,8573;9,953
4,997118;7,5635;-5,3681;-2,6628;9,650
4,998107;7,7420;-4,3242;-2,9593;9,349
5,023076;7,7857;-3,0691;-2,6574;8,781
5,024485;8,1337;-1,6665;-1,5908;8,454
5,025060;10,9152;1,6567;-1,2111;11,106
5,047226;11,3272;6,0189;7,1058;14,664
5,048137;7,8144;9,0530;7,4836;14,108
5,072250;-3,9372;7,8495;17,1094;19,231
5,073167;-4,4252;7,3654;17,6809;19,658
5,073772;-3,6104;3,4490;17,8925;18,576
5,097418;-5,3959;2,1556;17,7961;18,721
5,098441;-11,5384;1,6026;11,9952;16,721
5,124948;-17,3675;0,9518;11,1502;20,661
5,126493;-19,9093;0,1885;-0,1074;19,911
5,127179;-14,3488;-2,0430;-0,6745;14,509
5,147833;-5,9642;-2,1806;-1,0077;6,430
5,148710;-0,6173;0,9983;3,6220;3,807
5,173176;2,7628;5,8756;3,2789;7,274
5,174210;4,8411;9,9931;3,0427;11,513
5,174773;6,3659;12,4258;2,8804;14,256
5,196787;6,5264;13,4384;2,7926;15,198
5,197516;3,6218;13,4674;2,7460;14,214
5,227523;-6,1601;8,5929;4,6845;11,564
5,228575;-7,8823;6,2010;4,6343;11,048
5,229175;-7,3328;4,4840;5,1314;10,010
5,247139;-5,7800;3,8542;5,1534;8,650
5,248280;-3,9635;4,0651;5,0733;7,614
5,271959;-2,5838;5,1217;5,0269;7,627
5,272919;-1,5902;6,5193;5,0706;8,411
5,273331;-1,2037;7,7502;8,4281;11,513
5,296877;-0,8989;8,5818;8,9911;12,462
5,298142;-0,9800;9,1657;8,9408;12,842
5,324345;-2,1246;12,9522;8,9360;15,878
5,325825;-2,2599;12,8783;8,9351;15,837
5,326600;-2,9584;14,7299;5,9824;16,171
5,346957;-2,0352;15,7168;5,9651;16,933
5,348345;-0,6164;16,2599;5,5358;17,187
5,372315;1,4512;16,0398;5,4856;17,014
5,374186;4,8178;14,3243;4,9794;15,912
5,375007;7,7551;10,1550;4,9344;13,697
5,397292;7,6273;5,1437;3,8962;9,991
5,398278;5,9575;1,5483;-8,3661;10,387
5,423891;4,4203;-0,6224;-8,4048;9,517
5,425567;3,2352;-2,2506;-9,9020;10,657
5,426934;2,5837;-3,1284;-9,9135;10,712
5,447106;2,0153;-4,1738;-9,9149;10,945
5,448867;2,6457;-5,3025;-10,7186;12,248
5,472275;3,3309;-9,1230;-10,7531;14,490
5,475001;3,0700;-9,5448;-9,9523;14,127
5,476051;2,6835;-9,9562;-9,7399;14,184
5,497221;2,0483;-10,4914;-8,6941;13,779
5,499931;1,5931;-11,3443;-8,4068;14,209
5,521506;1,2405;-12,0486;-6,3526;13,677
5,523806;0,9910;-12,4080;-5,9763;13,808
5,524931;0,9132;-12,3311;-4,1513;13,043
5,547107;0,7043;-12,5990;-2,0488;12,784
5,548397;0,5778;-12,4074;-1,3949;12,499
5,572138;0,4480;-12,1885;0,1166;12,197
5,574200;0,3540;-12,2527;1,3555;12,333
5,575367;0,0888;-12,0374;3,3769;12,502
5,596650;0,3786;-11,1392;5,6384;12,491
5,597819;0,3303;-8,9417;8,2437;12,166
5,622316;0,3712;-5,9735;10,0331;11,683
5,625833;0,7477;-3,5308;10,2489;10,866
5,626428;1,1659;-1,3796;10,3920;10,548
5,647095;1,6021;0,7984;8,9141;9,092
5,648661;2,0152;2,9813;4,4160;5,696
5,672798;1,7695;4,7639;3,5846;6,219
5,674918;1,2501;5,9388;2,5387;6,579
5,675834;0,5364;6,7556;1,5583;6,954
5,697593;-0,1070;7,3015;1,5538;7,466
5,699141;-0,4486;7,8223;1,0369;7,904
5,721893;-0,7997;8,2197;0,0176;8,258
5,722916;-1,0256;8,3612;0,1004;8,424
5,723429;-1,2596;8,5769;-0,3557;8,676
5,746906;-1,4628;8,8220;0,4564;8,954
5,747956;-1,7868;8,9547;0,9438;9,180
5,772117;-1,8592;8,7206;1,4320;9,031
5,773136;-1,8348;8,3608;2,9453;9,052
5,773559;-1,9884;7,9503;3,8897;9,071
5,797115;-2,0436;7,3227;5,1527;9,184
5,798678;-2,2152;6,5898;6,0422;9,211
5,822204;-2,0786;5,9526;7,0675;9,471
5,823957;-1,9504;5,4910;7,6481;9,615
5,825128;-1,5995;4,9748;8,4373;9,924
5,847225;-1,1752;4,4331;8,8169;9,938
5,848520;-0,2069;3,9232;9,0820;9,895
5,872168;0,0912;3,7596;9,1783;9,919
5,874451;0,3737;3,7397;9,1910;9,930
5,875276;0,7671;4,1178;9,1035;10,021
5,897545;0,4435;4,6009;8,5488;9,718
5,899646;-0,3136;5,2767;7,5183;9,191
5,922653;-1,9043;6,0300;7,1839;9,571
5,923437;-3,6972;6,9693;5,7554;9,766
5,923974;-5,0889;7,8065;4,9889;10,570
5,947027;-6,5086;8,9243;2,4407;11,312
5,948947;-7,7725;10,2995;0,8902;12,934
5,971649;-2,8056;23,7943;-1,2161;23,990
5,972677;-3,6964;23,0216;-2,2545;23,425
5,973247;-9,4048;39,4070;-5,8388;40,932
5,996855;-10,5919;71,3537;-5,8279;72,371
5,998172;-14,1649;56,9819;-4,9208;58,922
6,021570;-15,8834;41,3485;-3,7249;44,451
6,022575;-10,9747;33,4492;-2,2441;35,275
6,023342;-5,5480;26,1780;-7,1484;27,698
6,047016;-5,4807;18,4806;-10,3405;21,875
6,048222;-3,5303;10,4710;-10,6435;15,342
6,071603;-3,0296;5,2299;-10,7381;12,322
6,072865;-3,3745;2,0429;-10,7992;11,497
6,073561;-3,1149;-0,0473;-9,3850;9,889
6,096545;-0,5191;-4,3087;-9,4153;10,367
6,097577;-2,1128;-3,6990;1,9775;4,697
6,122897;-17,4113;3,8876;1,9638;17,948
6,124951;-19,3614;5,9252;19,4616;28,084
6,126212;-23,9611;10,2986;24,1189;35,523
6,147124;-21,2999;9,0453;24,1124;33,420
6,149681;-13,2185;8,0564;24,0972;28,641
6,171941;-6,4853;9,7456;24,0852;26,779
6,173031;-6,0815;12,2198;17,9503;22,550
6,173597;-6,5747;13,2509;17,7764;23,126
6,197888;-4,1140;12,7854;12,8576;18,593
6,199757;-1,8294;11,9542;10,0680;15,736
6,222653;-0,1676;10,8018;9,4768;14,371
6,224005;0,0568;10,7579;8,8611;13,938
6,224831;1,0503;8,0679;8,2351;11,576
6,246989;3,0599;4,8051;5,9633;8,247
6,248122;4,3248;1,1599;5,1566;6,829
6,271943;4,7656;-2,9984;4,5561;7,243
6,272901;5,0740;-5,6221;3,3823;8,294
6,273477;5,5559;-5,3756;2,8997;8,257
6,296567;5,9022;-3,8877;-2,6615;7,552
6,298718;6,0707;-3,6913;-3,1060;7,754
6,321501;6,0634;-4,7611;-7,4470;10,719
6,323134;4,7421;-6,1645;-7,7442;10,975
6,324549;2,3945;-6,8772;-8,5905;11,262
6,347108;0,6672;-7,5935;-8,7117;11,576
6,349117;-0,2954;-8,2294;-8,7555;12,020
6,371633;-0,7681;-9,4044;-8,7878;12,894
6,372654;-0,9031;-9,9297;-3,7168;10,641
6,373208;-0,8779;-10,0675;-3,6700;10,751
6,396708;-0,6283;-10,3541;-2,8991;10,771
6,398486;-0,4918;-10,6317;-2,1698;10,862
6,422132;-0,1795;-10,5504;-2,1294;10,765
6,423479;0,2035;-10,2909;-2,1228;10,510
6,424321;0,5933;-10,3496;-2,2418;10,606
6,447063;0,7132;-10,2593;-2,5715;10,601
6,448381;0,3749;-10,4132;-4,1862;11,229
6,472501;0,4658;-10,6509;-4,7339;11,665
6,474918;0,6334;-10,1736;-6,7567;12,229
6,476382;1,4142;-9,7789;-7,4070;12,349
6,497354;3,7720;-9,3352;-10,3793;14,460
6,500106;4,6288;-7,7656;-12,4997;15,426
6,522133;5,2008;-3,6766;-13,8661;15,259
6,523850;3,9451;2,4925;-16,3784;17,030
6,525013;2,4209;5,7758;-14,3153;15,625
6,546629;1,4092;7,1448;-12,5531;14,513
6,547906;1,1592;8,1788;-11,2795;13,981
6,571611;0,6168;8,9378;-7,3292;11,575
6,572664;0,0623;9,2277;-5,4668;10,726
6,573204;-0,7478;9,0382;-2,1066;9,311
6,597552;-1,4882;8,6749;0,2422;8,805
6,598734;-1,9443;7,9880;1,5567;8,367
6,622233;-2,4122;7,4816;4,2795;8,950
6,623458;-2,4845;6,7174;5,0872;8,785
6,624058;-2,1770;6,0643;5,7430;8,631
6,646987;-1,6520;5,5485;6,7307;8,878
6,647931;-1,5028;4,8373;7,1646;8,774
6,672721;-1,6816;4,1354;7,7374;8,933
6,675277;-1,8307;3,5882;7,9920;8,950
6,676462;-1,5504;3,2117;8,4391;9,162
6,697503;-1,1535;2,8570;8,7237;9,252
6,700097;-0,7638;2,4414;8,8324;9,195
6,729890;-0,7840;2,0317;10,1308;10,362
6,732140;-1,1944;1,3109;10,1871;10,340
6,733489;-1,7409;0,8997;10,8111;10,987
6,747555;-2,0466;0,6883;10,8198;11,033
6,749509;-1,5281;0,8561;10,8586;10,999
6,772526;-0,5733;0,8878;10,8858;10,937
6,774837;0,3251;0,8571;10,9057;10,944
6,775868;0,8577;1,3749;10,7589;10,880
6,797682;1,1021;2,3208;10,2609;10,578
6,799980;1,1619;4,2234;10,2496;11,146
6,829386;2,8616;14,1056;9,4493;17,218
6,831805;13,3090;24,7962;9,3715;29,661
6,833082;-8,5784;12,5550;9,2220;17,784
6,847267;-7,8090;58,1584;8,8334;59,341
6,849634;-1,8572;50,1164;5,5522;50,457
6,872240;-11,7790;25,9507;0,0510;28,499
6,875307;-12,7982;24,8655;-3,0911;28,136
6,877098;-15,5941;2,9614;-3,5970;16,275
6,897420;-13,7578;-6,8533;-14,0453;20,821
6,900757;-11,5640;-12,9302;-13,7261;22,121
6,927999;-5,8955;-17,1331;-13,5249;22,610
6,931217;0,5701;-15,1343;1,2063;15,193
6,932794;1,4880;-9,3840;1,4048;9,605
6,948035;2,6370;2,7107;7,2419;8,170
6,950323;-2,3932;8,9833;16,4449;18,891
6,972516;-11,0839;8,2074;16,5386;21,535
6,975655;-12,9318;5,0263;15,6903;20,945
6,977624;-10,2641;3,2338;15,7462;19,072
6,997698;-6,5363;3,9308;15,7043;17,458
7,000717;0,0575;6,9736;10,3188;12,454
7,026533;2,0334;8,3628;10,0760;13,251
7,028433;2,6665;8,7406;9,0491;12,861
7,029633;1,9236;7,5708;8,7006;11,693
7,047506;-0,1676;6,1465;9,0587;10,948
7,049427;-2,5530;5,2671;8,6663;10,458
7,072076;-4,4119;4,8292;8,4210;10,663
7,073801;-5,2533;4,9735;8,0296;10,808
7,074536;-5,7710;5,6105;7,6558;11,108
7,097247;-6,1627;6,6543;5,4617;10,587
7,098732;-6,2706;7,5272;5,1236;11,056
7,125533;-4,6844;8,3103;4,5970;10,590
7,128102;-4,8051;8,4025;4,2728;10,581
7,129587;-2,0355;8,0874;3,9453;9,226
7,147115;-1,2238;8,5937;5,2541;10,147
7,149343;-1,0622;10,2079;5,0245;11,427
7,172468;-0,6578;13,1227;4,9169;14,029
7,174844;1,2046;15,9687;4,8816;16,742
7,176343;2,0219;17,9771;0,9571;18,116
7,197675;2,0917;18,6021;-1,2744;18,763
7,200385;2,0004;16,2302;-1,2054;16,397
7,224608;2,1430;10,1212;-1,1379;10,408
7,226828;3,2895;4,6481;-1,0756;5,795
7,228354;3,9718;1,1871;-2,0973;4,646
7,247295;4,2991;-1,0291;-13,5127;14,217
7,249173;5,6954;-2,3441;-13,4522;14,795
7,272301;7,9523;-5,8231;-13,3629;16,605
7,274901;8,0068;-7,3216;-13,2174;17,100
7,276453;7,8352;-8,6921;-10,4637;15,698
7,297193;7,3818;-9,6028;-10,3453;15,929
7,300220;6,3556;-10,5683;-8,9108;15,215
7,323909;5,3693;-11,3169;-8,7757;15,294
7,326827;4,4246;-11,9229;-7,8798;14,961
7,328722;3,6346;-12,3752;-7,5293;14,935
7,346661;3,6151;-13,0174;-6,0203;14,791
7,348961;3,3633;-13,5680;-5,0584;14,866
7,372123;2,6197;-14,6382;-4,5459;15,550
7,374744;1,1930;-15,4259;-3,1565;15,791
7,376248;-0,2080;-15,7549;-2,2530;15,917
7,397145;-1,3171;-15,0030;-0,4855;15,069
7,400080;-2,0349;-14,2856;1,1114;14,473
7,422380;-2,9590;-12,9523;3,1293;13,650
7,424350;-3,8257;-10,5773;3,8054;11,874
7,426191;-4,9576;-6,1304;5,8315;9,806
7,447569;-4,3325;-2,0911;4,7363;6,751
7,450076;-3,2551;0,8580;4,5131;5,630
7,472688;-2,5391;2,8467;3,9646;5,502
7,475203;-1,5986;4,4526;3,3987;5,825
7,476375;-0,6700;5,4938;2,8847;6,241
7,497345;0,0297;6,3755;3,9944;7,523
7,499645;0,7764;6,7966;3,6734;7,765
7,522896;2,1159;6,9377;5,0102;8,815
7,524856;2,8022;6,9244;4,8747;8,920
7,526488;3,0858;6,8351;5,8079;9,485
7,547523;2,3151;6,9380;7,0869;10,184
7,549335;1,5898;7,0530;7,2073;10,209
7,572581;0,9680;6,9805;7,4375;10,246
7,575197;0,4689;6,7123;7,7294;10,248
7,576527;0,2975;6,7258;7,9425;10,412
7,597402;0,2517;7,2277;8,1923;10,928
7,600092;-0,2512;7,0082;7,5378;10,295
7,622783;-1,2593;5,7483;7,7611;9,740
7,624548;-2,3454;4,5334;7,9799;9,473
7,626153;-3,0492;3,8538;8,1955;9,556
7,647223;-3,2595;3,1608;8,4798;9,619
7,649604;-3,0801;2,6909;9,1946;10,063
7,672501;-3,0803;2,3366;9,1974;9,977
7,674498;-3,1119;2,0518;9,1368;9,868
7,675722;-2,9431;2,0787;8,9357;9,635
7,697392;-2,7792;2,2564;8,8087;9,508
7,700269;-2,9426;2,4857;8,5656;9,392
7,722741;-3,2728;2,7760;8,2688;9,316
7,724844;-3,6613;3,4738;6,7486;8,427
7,726532;-4,1743;4,2871;5,8335;8,357
7,747341;-4,2053;4,8475;5,0828;8,186
7,749572;-4,3616;4,9824;3,7920;7,631
7,772473;-4,9735;5,6855;2,6756;8,014
7,775035;-5,5790;6,9099;1,0553;8,943
7,776346;-7,0691;9,1736;0,2106;11,583
7,797568;0,6609;63,2487;-1,2328;63,264
7,799788;-6,1814;35,6547;-1,6819;36,226
7,822539;-16,6671;46,2143;-1,8026;49,161
7,825114;-15,7648;34,3474;-1,5037;37,822
7,827000;-12,0330;20,2419;1,8958;23,625
7,847668;-10,0506;9,8902;1,9986;14,242
7,850418;-8,7829;3,1789;1,9312;9,538
7,872460;-8,5925;-1,7808;1,8402;8,966
7,875064;-8,4938;-5,1449;-2,0489;10,140
7,876280;-8,6041;-7,1974;-3,1902;11,662
7,897342;-6,8779;-6,1732;-3,0857;9,743
7,900197;-11,5323;-2,7844;-2,9822;12,233
7,922626;-16,2250;-2,4017;-2,8352;16,645
7,925133;-16,6932;-4,9624;15,7753;23,498
7,927196;-17,6627;-10,2143;15,8908;25,862
7,947485;-22,7623;-12,5830;24,4794;35,717
7,950725;-20,2842;-11,7156;24,4084;33,830
7,972363;-14,4309;-8,4525;24,2827;29,485
7,975169;-8,3754;-4,3116;23,7957;25,592
7,976630;-4,1234;-0,9852;14,1813;14,801
7,997660;-1,5179;1,7380;13,3399;13,538
8,000580;0,1502;3,1989;11,8020;12,229
8,022140;-3,2586;-0,9225;10,7276;11,249
8,023949;-2,5935;-0,2991;7,5726;8,010
8,025165;-6,1247;-4,0804;6,6204;9,899
8,047377;-6,5106;-4,3368;5,7317;9,698
8,049990;-6,6478;-3,4020;4,9869;8,980
8,072299;-6,5856;-1,5829;7,1870;9,876
8,074623;-5,9295;0,6980;6,6670;8,950
8,075842;-5,0054;3,1075;6,2589;8,596
8,097494;-4,1927;5,4373;5,9199;9,066
8,100201;-3,0461;7,1888;4,2876;8,907
8,122685;-2,1587;8,5404;4,0629;9,701
8,124560;-1,6666;9,5875;3,8563;10,468
8,125943;-1,1993;10,8451;3,5681;11,480
8,147291;-0,7921;12,5911;3,5981;13,119
8,149384;-0,2945;14,9642;3,8438;15,453
8,172426;1,1470;17,9355;3,9342;18,398
8,174940;2,2953;17,5310;3,8747;18,100
8,176545;3,9355;16,5394;3,9608;17,456
8,198003;5,3182;16,9893;1,7649;17,889
8,200252;5,9764;16,9597;-1,0588;18,013
8,222635;5,8453;16,2514;-0,9919;17,299
8,224894;4,4731;13,2931;-3,5987;14,480
8,226727;2,8420;7,6697;-3,4729;8,886
8,247298;2,0857;2,2424;-3,3418;4,533
8,248364;2,8925;-1,2316;-3,2084;4,492
8,271645;6,0855;-0,8787;-3,0608;6,868
8,273842;5,7727;-1,1997;-11,3413;12,782
8,275312;6,5808;-2,2051;-11,1114;13,101
8,297058;5,9593;-4,8252;-10,8303;13,270
8,299927;5,1591;-5,9758;-10,5722;13,195
8,329710;3,7589;-6,7936;-8,0403;11,177
8,331811;2,0626;-7,8711;-7,8947;11,337
8,332977;0,7334;-9,0381;-6,7647;11,313
8,350018;-0,4592;-10,4745;-6,5928;12,385
8,352453;-0,7505;-11,8790;-6,2006;13,421
8,370511;-0,7183;-12,8814;-5,8762;14,177
8,372971;-0,6127;-13,0978;-5,1205;14,076
8,374652;-0,2291;-13,3190;-4,9363;14,206
8,397115;0,0928;-13,6859;-2,1652;13,856
8,399735;0,4331;-13,8972;-1,6140;13,997
8,428808;0,3442;-14,4670;-0,9320;14,501
8,431602;0,0362;-14,9112;-1,2111;14,960
8,433010;-0,3545;-15,0119;-0,2723;15,019
8,449461;-0,2836;-14,6613;0,9275;14,693
8,451686;-0,0648;-13,3477;2,9000;13,659
8,471450;0,2334;-9,9695;3,2964;10,503
8,473608;0,5950;-4,9556;5,3518;7,318
8,474839;0,4944;-0,3750;4,9337;4,973
8,497618;0,7378;2,6238;0,9544;2,888
8,499575;1,6984;4,7289;0,1575;5,027
8,528045;2,7715;6,1897;-0,7560;6,824
8,530268;3,4620;6,9135;-1,4896;7,874
8,531626;3,6617;7,2824;-0,7280;8,184
8,550526;3,7088;7,3745;2,8028;8,717
8,552949;3,8011;7,4124;2,7456;8,771
8,572325;3,9909;7,1323;4,5129;9,336
8,574753;4,0153;6,8431;4,6857;9,215
8,575972;3,8992;6,4829;6,1077;9,723
8,597847;3,6027;6,0487;6,4969;9,580
8,600570;3,2354;5,5529;7,0208;9,518
8,622663;2,8054;4,9959;7,4831;9,425
8,624553;2,3405;4,4093;8,1429;9,551
8,626224;1,9499;3,8297;8,5386;9,559
8,647291;1,4349;3,4529;9,0456;9,788
8,649340;0,8388;3,3126;9,3062;9,914
8,672377;0,0880;2,9066;9,5351;9,969
8,674717;-0,6052;2,6005;9,5878;9,953
8,675921;-1,1265;2,2500;9,7281;10,048
8,697479;-1,6113;2,0998;9,4207;9,785
8,700037;-1,9814;2,3769;9,1415;9,651
8,724235;-2,4791;2,8348;8,8800;9,645
8,726441;-2,9682;3,5830;7,5065;8,831
8,727912;-3,4913;4,4701;6,9627;8,981
8,747195;-3,9158;5,5339;6,3306;9,275
8,749448;-4,4509;6,8403;4,4647;9,302
8,773407;-4,6925;8,0132;3,2933;9,853
8,775840;-5,2545;9,6217;1,6310;11,084
8,776964;-5,9346;11,9494;-0,0309;13,342
8,797203;-5,8257;16,4285;-0,1755;17,432
8,799465;-14,9780;31,6721;1,0996;35,052
8,822221;-18,1749;52,4513;3,0551;55,595
8,824581;-12,0084;44,0521;4,6886;45,900
8,826629;-8,8973;35,7688;10,3226;38,277
8,847233;-6,1640;29,4495;9,8213;31,650
8,849440;-5,6417;20,6065;8,8456;23,124
8,872872;-8,5218;10,2017;7,4780;15,252
8,875290;-11,8160;2,4773;-3,0577;12,454
8,876716;-13,3935;-3,8475;-3,5337;14,376
8,897510;-13,0716;-10,1666;-3,8136;16,993
8,900708;-10,9638;-15,6496;-2,0080;19,213
8,922391;-0,1024;-26,7907;-2,1510;26,877
8,924762;0,3158;-26,7639;1,5292;26,809
8,926613;-2,7289;-22,8625;1,4326;23,069
8,947232;-9,7594;-11,9953;6,7400;16,869
8,949990;-15,7010;0,1707;22,9214;27,784
8,972261;-17,6866;4,9543;22,7909;29,271
8,975107;-13,0328;6,2442;22,4633;26,710
8,976880;-8,7986;6,7769;22,0748;24,711
8,997442;-5,8320;5,3950;12,5692;14,870
8,999934;-3,1977;0,8721;12,2567;12,697
9,022801;-2,7618;-3,0414;11,9167;12,605
9,024902;-2,7107;-4,0479;12,6594;13,564
9,026556;-3,0993;-2,8972;11,8669;12,603
9,047530;-4,0898;-1,0923;11,0833;11,864
9,049616;-5,3983;0,7856;10,3323;11,684
9,072479;-5,7170;2,9564;8,8259;10,923
9,074788;-4,1542;3,4273;8,1689;9,784
9,076324;-2,2302;3,7019;6,4172;7,737
9,097534;-0,1137;3,9900;5,9199;7,140
9,099761;1,1956;4,3695;5,5408;7,157
9,122174;2,1113;5,0501;5,2195;7,563
9,124049;2,1692;5,7836;3,9240;7,318
9,125336;1,6266;6,5759;3,6842;7,711
9,147598;0,8733;6,7868;3,4456;7,661
9,149530;-0,1409;6,5723;2,8493;7,165
9,172238;-1,1218;5,9705;2,6980;6,647
9,174578;-1,3320;5,8578;2,2477;6,414
9,175843;-1,5664;5,7820;2,2787;6,409
9,197026;-0,3342;6,8098;1,6805;7,022
9,199366;0,3926;7,9112;1,6615;8,093
9,222254;1,4927;9,0933;1,7168;9,374
9,224081;2,1526;10,6011;1,7121;10,952
9,225272;2,3875;12,7797;1,7343;13,116
9,247313;3,3405;13,7988;1,7277;14,302
9,249472;3,3271;14,6247;-5,2852;15,902
9,272112;3,1701;15,9433;-5,2287;17,076
9,274510;3,3197;16,2934;-5,1520;17,408
9,275940;3,8326;14,1990;-5,0448;15,548
9,297349;4,7278;10,0785;-4,8709;12,151
9,300150;4,2854;5,9618;-4,7394;8,739
9,322745;3,3467;-0,9831;-4,6124;5,783
9,324681;3,0600;-3,0351;-4,4224;6,175
9,326203;2,9204;-4,5143;-9,7007;11,091
9,347185;2,9161;-5,9172;-9,3632;11,454
9,349426;2,8947;-7,2158;-9,6043;12,357
9,372312;3,1734;-8,6866;-9,2555;13,084
9,374854;3,1241;-9,4690;-10,1073;14,198
9,376490;2,7552;-10,0455;-9,8340;14,325
9,396862;2,3619;-10,8930;-9,6083;14,716
9,399982;2,1743;-11,8917;-4,9038;13,046
9,422068;1,6997;-12,5380;-4,4852;13,424
9,425001;1,3549;-12,9380;-3,8445;13,565
9,426800;1,1122;-13,1659;-3,3451;13,630
9,446712;0,0982;-13,2541;-2,7607;13,539
9,447899;-0,4182;-13,3460;-0,8794;13,382
9,472169;-0,7848;-13,2134;0,0696;13,237
9,474562;-1,2172;-12,8444;1,6976;13,013
9,476053;-1,3018;-12,6254;2,4545;12,927
9,497249;-1,4913;-12,0362;3,7941;12,708
9,500216;-1,5467;-10,8556;5,4958;12,265
9,523094;-1,9011;-7,9663;7,9011;11,380
9,525356;-2,1151;-3,2618;8,4573;9,308
9,527017;-2,1075;0,4856;8,3324;8,609
9,551002;-1,6287;2,5134;7,1840;7,783
9,553163;-1,2340;4,1600;6,3683;7,706
9,572326;-0,6335;5,3132;4,9871;7,315
9,574313;-0,2779;6,1009;4,2297;7,429
9,575462;0,0866;6,6693;3,3595;7,468
9,597471;0,3366;7,0417;2,8841;7,617
9,599939;0,4130;7,3325;2,4778;7,751
9,622453;0,4082;7,5983;2,1404;7,905
9,624712;0,2242;7,8438;3,3800;8,544
9,626054;0,1245;7,9891;3,4008;8,684
9,650174;0,0463;8,1488;3,6218;8,918
9,652097;0,1199;8,1442;4,1694;9,150
9,672469;0,0754;8,2054;4,2717;9,251
9,674567;-0,0445;8,2719;4,6176;9,474
9,675748;-0,1844;8,2137;4,9101;9,571
9,697354;-0,3969;8,1890;5,1798;9,698
9,699583;-0,6333;8,2587;5,4512;9,916
9,723785;-0,7442;8,0588;5,7448;9,925
9,725257;-0,8098;7,9495;6,0296;10,010
9,726487;-0,7421;7,8790;5,5408;9,661
9,749344;-0,7990;7,8492;4,7140;9,191
9,751410;-0,8215;7,7210;4,8803;9,171
9,772469;-0,9250;7,7631;4,4515;8,997
9,774794;-1,0329;7,8270;4,5812;9,128
9,775976;-0,9638;7,9346;3,1439;8,589
9,797378;-0,7049;7,9168;1,3359;8,060
9,799858;-0,8350;8,0815;1,5463;8,270
9,822446;-1,3349;10,4902;1,7106;10,712
9,824714;-1,8550;9,0503;1,9288;9,438
9,825896;-6,6399;52,3963;1,0102;52,825
9,847524;12,2628;68,0237;0,9661;69,127
9,849437;9,4441;75,3125;0,9460;75,908
9,872345;-0,8655;55,5864;0,9288;55,601
9,874489;-5,8711;32,6972;-2,9622;33,352
9,875668;-4,5311;17,7201;-3,0683;18,546
9,897328;-2,3734;5,9660;-7,3003;9,722
9,899677;-2,8436;-0,3708;-7,4440;7,977
9,922286;-3,7304;-2,6371;-7,5365;8,813
9,924546;-3,5254;-4,2790;-4,3470;7,045
9,926206;-3,5734;-5,7920;-4,3900;8,099
9,947705;-3,4501;-7,0986;7,7028;11,028
9,949881;-3,5399;-8,0140;7,8262;11,748
9,972151;-7,0978;-10,0004;7,8445;14,558
9,974688;-8,2200;-12,1938;8,2297;16,852
9,976100;-9,9053;-15,2811;8,3412;20,030
9,997277;-11,7381;-17,6346;10,8022;23,779
10,000516;-8,9367;-13,6269;22,0940;27,454
10,022534;-4,7786;-9,0877;22,1417;24,406
10,025054;-2,9745;-6,1395;22,1436;23,171
10,026471;-2,2032;-3,6343;22,2166;22,619
10,047825;-1,4589;-0,4872;17,9850;18,051
10,049881;-1,5222;2,4510;18,1573;18,385
10,072340;-4,3661;6,6929;18,2774;19,948
10,074546;-3,2759;6,8296;18,2572;19,766
10,075822;-1,2119;8,3906;21,8270;23,416
10,097405;3,6732;9,1517;18,7656;21,199
10,099431;7,1134;11,3252;12,3588;18,210
10,122437;5,6003;12,9278;7,9281;16,166
10,125010;3,6185;13,4760;2,7923;14,230
10,126649;2,0023;13,3725;2,2302;13,704
10,147576;0,3130;12,9747;0,4709;12,987
10,149227;-1,5666;12,5829;0,4546;12,688
10,172578;-3,4551;11,7070;0,6323;12,223
10,174845;-4,3021;10,4461;2,4621;11,562
10,176079;-3,8620;9,2679;2,6756;10,391
10,197403;-3,3351;8,7211;2,8828;9,772
10,199483;-2,6722;8,4392;1,2722;8,943
10,222586;-2,1615;8,8635;1,4689;9,241
10,225001;-2,0610;9,2424;1,6801;9,617
10,226578;-1,1348;9,1767;1,9747;9,455
10,248128;-0,1640;8,8383;1,2244;8,924
10,249594;1,0648;8,9936;1,4719;9,175
10,272271;1,6832;9,3151;1,7411;9,625
10,274781;0,8134;10,7909;1,3445;10,905
10,275972;-0,1060;12,2062;1,5571;12,306
10,297127;-0,4025;12,9623;0,0589;12,969
10,298922;-0,3266;12,9423;0,2106;12,948
10,322243;0,5154;11,1159;-2,7227;11,456
10,324327;2,1011;7,5589;-2,6274;8,274
10,325664;2,6034;4,5385;-5,0627;7,281
10,347661;1,8883;-1,2475;-4,9684;5,460
10,349717;1,9632;-3,9785;-5,0524;6,724
10,372057;2,3627;-6,3347;-4,9342;8,370
10,374680;3,3606;-7,9822;-5,2410;10,123
10,375970;3,9967;-7,7990;-5,0688;10,124
10,396584;4,2058;-7,3715;-4,8368;9,768
10,399024;4,1891;-7,3161;-5,1786;9,894
10,422152;4,1469;-7,6996;-4,9658;10,057
10,424811;4,1816;-8,3687;-3,8267;10,108
10,426497;4,3561;-9,1793;-3,6644;10,801
10,447131;4,0471;-10,0626;-2,9692;11,245
10,449451;3,2557;-10,4928;-2,7899;11,335
10,471888;2,2577;-11,2963;-2,6155;11,813
10,475073;1,7102;-11,5611;-2,3414;11,919
10,476998;1,2255;-11,7891;-2,1005;12,037
10,497334;0,5206;-11,8979;-1,8040;12,045
10,500028;-0,1629;-11,9481;-1,8419;12,090
10,522118;-0,7726;-11,9594;-1,4303;12,069
10,524805;-1,6935;-11,7651;-1,3842;11,967
10,526420;-2,8653;-11,5426;-0,8280;11,922
10,547151;-4,7203;-10,7234;-0,6886;11,737
10,549563;-7,3587;-8,5884;-0,4780;11,320
10,571656;-9,4798;-4,8952;-0,5852;10,685
10,574354;-10,0286;-1,2954;-0,6285;10,131
10,575971;-9,8544;1,2186;-1,0810;9,988
10,596904;-9,3583;2,6923;-1,1071;9,801
10,599123;-8,6487;4,1544;-1,4083;9,698
10,622665;-7,7270;5,4229;-1,3032;9,530
10,625131;-6,6173;6,4998;-1,9327;9,475
10,626807;-5,4490;7,5932;-1,7575;9,510
10,647107;-4,5099;8,4013;-1,8289;9,709
10,648865;-3,7803;9,0078;-1,6259;9,903
10,672124;-3,1488;9,3705;-1,2729;9,967
10,674534;-2,6549;9,4856;-0,8457;9,886
10,675601;-2,0165;9,5834;-0,3214;9,799
10,697413;-1,4734;9,6037;0,4581;9,727
10,699977;-1,0390;9,4480;1,4407;9,613
10,722444;-0,8163;9,2416;2,3589;9,573
10,724647;-0,5243;8,6592;4,0376;9,569
10,726323;-0,0983;8,0461;4,9190;9,431
10,755583;0,2161;7,1796;5,7436;9,197
10,757408;0,6267;6,3570;6,3899;9,035
10,772563;1,0618;5,5523;7,4322;9,338
10,774785;1,2852;4,7687;7,8604;9,283
10,775809;1,5397;3,8367;8,1879;9,172
10,797488;1,6756;3,1756;7,4043;8,229
10,800067;1,9296;2,5150;7,5141;8,155
10,822759;1,9477;2,3125;7,2863;7,889
10,825122;2,2956;3,1824;7,2766;8,267
10,826382;4,3979;14,8607;7,0789;17,038
10,854561;10,5241;23,8427;7,0002;26,986
10,856704;-19,3288;47,5358;6,8914;51,776
10,872543;-7,8866;52,5045;6,7705;53,523
10,873590;-2,9600;38,7236;37,4912;53,980
10,874278;-0,3281;25,9815;37,2921;45,452
10,896219;1,6742;17,1480;36,9517;40,771
10,898073;1,5978;16,3590;36,5101;40,039
10,922872;-1,0092;1,5093;-7,6416;7,854
10,924717;-2,1411;-2,5357;-8,8213;9,425
10,925557;-2,3319;-5,5707;-9,7105;11,435
10,953558;-2,7140;-8,6860;-10,3702;13,797
10,956116;-3,8791;-11,3702;1,4043;12,095
10,972359;-16,8520;-10,5412;1,0325;19,904
10,975118;-16,6570;-10,6621;1,6904;19,849
10,976835;-10,8132;-9,6748;1,4639;14,583
10,997198;-8,0071;-9,0638;14,2732;18,708
10,999728;-9,4238;-8,7791;14,2142;19,181
11,022438;-10,6921;-9,0242;14,1502;19,899
11,024825;-7,0915;-7,7228;14,1091;17,578
11,026290;-3,2435;-4,5581;14,0746;15,146
11,052642;-0,8856;-1,2110;15,0064;15,081
11,054858;1,2309;1,3855;15,0381;15,152
11,072868;3,1061;3,5807;14,3783;15,140
11,075527;2,6891;3,9915;13,2072;14,057
11,076874;0,9803;2,7484;11,7369;12,094
11,097133;0,2497;1,3602;10,0860;10,180
11,099270;0,7168;0,3038;9,2125;9,245
11,122480;2,4244;-0,3861;7,9205;8,292
11,124891;2,6461;1,9052;7,3070;8,001
11,126266;3,0332;4,2995;6,5535;8,404
11,151690;2,9129;6,3442;5,6679;8,992
11,154174;2,6026;7,2007;5,3171;9,322
11,172242;1,9206;6,7220;5,1379;8,676
11,174150;1,6359;6,6781;3,6269;7,773
11,175129;1,2586;6,7994;3,4926;7,747
11,197382;0,7279;6,6304;1,4074;6,817
11,199618;-0,1298;6,5343;1,3449;6,673
11,222318;-1,1333;7,3103;1,4141;7,532
11,224729;-1,2788;6,9846;1,5320;7,264
11,226313;-1,9915;7,8669;1,7726;8,306
11,249588;-2,2273;10,1862;2,4700;10,715
11,252117;-1,8354;10,8239;2,5843;11,278
11,272490;-0,9937;11,0319;2,6705;11,394
11,275074;-0,6308;11,2573;2,7836;11,614
11,276202;-0,9577;11,5779;-0,1641;11,619
11,297294;-1,3841;12,1401;-0,3525;12,224
11,299605;-1,3760;12,8499;-0,2205;12,925
11,322318;-1,0180;14,1161;-0,9839;14,187
11,324590;-0,7543;13,6422;-0,7985;13,686
11,325479;-0,0654;12,4407;-5,0447;13,425
11,347874;2,0790;9,6823;-4,8494;11,027
11,350546;3,4225;6,0571;-4,6146;8,348
11,372529;2,5704;-0,4449;-4,3626;5,083
11,374864;2,3139;-3,3796;-3,9500;5,690
11,376108;2,3899;-5,0059;-3,6826;6,658
11,397182;2,4639;-5,4396;-3,4017;6,873
11,399402;2,4114;-5,6696;-6,1989;8,740
11,422278;2,4127;-6,0951;-5,8322;8,774
11,424513;2,4000;-6,8145;-8,2844;10,992
11,426173;2,4037;-7,4518;-8,0330;11,218
11,447343;2,3002;-8,1728;-7,8268;11,547
11,449405;2,0458;-8,9444;-5,9421;10,931
11,472154;1,7153;-9,3544;-5,8119;11,146
11,474293;1,3406;-9,8082;-4,8167;11,009
11,475395;0,8780;-10,3005;-4,5448;11,293
11,496783;0,6233;-10,9916;-4,1428;11,763
11,499314;-0,2765;-12,0434;-3,8537;12,648
11,521891;-0,6325;-12,2067;-3,5468;12,727
11,524582;-0,7624;-12,2924;-2,8279;12,636
11,525985;-0,9253;-12,3719;-2,3410;12,625
11,547584;-1,1979;-12,4593;-1,3360;12,588
11,550175;-1,6888;-12,3969;-0,8655;12,541
11,571997;-2,1402;-12,3558;0,1988;12,541
11,574567;-2,6567;-12,1890;1,4720;12,562
11,576165;-3,6934;-10,8766;3,6992;12,068
11,597196;-4,1455;-7,1283;7,2632;10,989
11,599496;-3,1094;-2,3550;8,4275;9,286
11,622457;-1,5182;0,8877;8,1748;8,362
11,624779;-0,5933;2,8923;6,9628;7,563
11,625911;-0,0414;4,5649;5,9054;7,464
11,648077;0,2177;5,7366;4,4641;7,272
11,650044;0,3519;6,5301;3,6373;7,483
11,672773;0,4505;7,1551;3,0632;7,796
11,675120;0,4331;7,6489;2,2950;7,997
11,676225;0,5463;7,9905;1,9734;8,249
11,696910;0,6505;8,2926;2,1444;8,590
11,699582;0,6787;8,4048;1,7144;8,605
11,722587;0,7131;8,4601;1,7630;8,671
11,725044;0,7966;8,3971;2,5961;8,825
11,726741;0,8930;8,4521;2,8094;8,951
11,747543;1,1273;8,3947;3,0028;8,987
11,749339;1,4536;8,3914;3,4367;9,184
11,772786;1,4550;8,2568;3,8464;9,224
11,774941;1,1417;8,0688;4,2106;9,173
11,776121;0,7427;7,7857;4,6721;9,110
11,797082;0,4876;7,5385;3,2845;8,237
11,799268;-0,0011;7,1738;3,7557;8,097
11,822355;-0,4716;6,9171;2,7765;7,468
11,824355;-0,5252;6,5383;3,2417;7,317
11,825898;-0,2676;6,1439;3,5089;7,080
11,847729;1,7191;9,0531;3,8480;9,986
11,849652;2,6046;8,2503;3,2094;9,228
11,872662;7,3884;32,6198;3,4307;33,622
11,875074;7,2099;31,8140;1,3713;32,650
11,876295;-20,8915;47,4991;1,4606;51,911
11,897363;-6,0873;46,2724;1,4995;46,695
11,899962;0,6733;36,4548;-2,1794;36,526
11,922344;-0,1653;26,5986;-2,2762;26,696
11,924976;-2,3896;16,6183;-2,4767;16,971
11,926712;-5,0051;7,6266;-2,8092;9,545
11,947515;-8,0596;0,8826;-3,1863;8,711
11,949597;-11,5946;-3,7995;-0,8891;12,234
11,972275;-13,3030;-10,6148;-1,1419;17,057
11,976081;-10,5510;-15,4063;0,8387;18,692
11,978282;-7,6681;-16,8678;0,6741;18,541
11,996808;-7,1105;-14,5113;1,4063;16,221
11,999334;-8,4305;-10,0735;13,3191;18,707
12,022484;-13,3550;-7,0249;13,2168;20,060
12,025425;-14,9526;-3,1719;15,2004;21,557
12,027426;-13,8456;1,9025;15,1736;20,629
12,047474;-8,6707;5,7220;18,9463;21,608
12,049608;-3,1529;5,9586;18,8205;19,991
12,072865;0,4904;4,9968;18,7266;19,388
12,075213;0,6597;4,3386;18,5132;19,026
12,076266;-0,4634;3,1281;20,5922;20,834
12,097886;-1,3336;2,8502;19,9120;20,159
12,100521;-1,3021;2,7332;19,9492;20,178
12,122561;-0,1081;3,5180;18,8383;19,164
12,124878;0,3905;3,5505;16,5780;16,958
12,126236;0,8946;4,0976;15,2248;15,792
12,147357;0,8504;4,4397;13,8848;14,602
12,149347;0,7589;4,2794;10,4321;11,301
12,172843;0,8881;4,2512;9,1624;10,140
12,174932;0,9803;4,1069;8,0657;9,104
12,176098;0,9002;3,8657;7,1833;8,207
12,197265;0,0704;3,7312;5,2998;6,482
12,199378;-1,0561;3,5396;2,4260;4,419
12,222721;-1,5923;3,4091;1,9722;4,248
12,225317;-1,6525;3,2116;1,6270;3,961
12,226498;-1,6489;3,1949;1,5511;3,916
12,246752;-1,9815;3,6002;1,4904;4,371
12,248212;-1,6072;4,1683;1,7101;4,784
12,272462;-0,3576;5,6583;1,6570;5,907
12,274890;-0,0450;6,7170;1,6718;6,922
12,275809;0,1358;7,6039;1,7126;7,796
12,296903;0,0853;8,5736;1,6725;8,736
12,299717;0,6660;9,1395;1,7354;9,327
12,322954;1,5947;9,0145;1,2667;9,242
12,325237;2,6304;8,3472;1,3354;8,853
12,326384;3,1353;8,2570;-0,3492;8,839
12,354913;3,6439;8,8529;-0,2565;9,577
12,357146;3,4434;10,4455;-0,1380;10,999
12,371829;3,2969;11,3515;0,0080;11,821
12,374138;4,0108;11,6238;0,2906;12,300
12,375107;4,2247;11,3355;0,4377;12,105
12,397303;5,4773;7,2408;0,9815;9,132
12,399911;4,8174;4,1224;0,7853;6,389
12,422258;4,8669;1,3684;0,9672;5,147
12,424141;5,9032;1,0531;-8,8194;10,665
12,425040;6,1972;0,1679;-8,6853;10,671
12,454314;6,1669;-1,1673;-8,5480;10,605
12,456651;5,8154;-2,2227;-8,4068;10,461
12,487900;5,7867;-3,3405;-6,5043;9,325
12,489276;5,6423;-4,6606;-6,3793;9,708
12,490853;3,8087;-6,2353;-4,9679;8,835
12,497516;2,9226;-6,1413;-2,6885;7,313
12,500312;2,2325;-6,2439;-2,5330;7,098
12,522348;0,3454;-7,6983;-2,4073;8,073
12,524708;-0,4465;-8,4850;-2,2912;8,800
12,526175;-0,7395;-9,0733;-3,0082;9,588
12,554102;-1,0205;-9,5341;-3,8821;10,345
12,556237;-1,3914;-9,9773;-3,7813;10,760
12,575638;-1,8538;-10,5202;-3,6909;11,302
12,578110;-2,5784;-11,2016;-3,6004;12,045
12,579555;-3,3304;-11,6449;-3,6998;12,664
12,597157;-3,8148;-12,1980;-3,6159;13,282
12,600041;-3,8851;-12,9697;-3,9176;14,095
12,622190;-4,0878;-13,4251;-3,8262;14,546
12,624295;-4,4097;-13,4935;-4,9077;15,020
12,626382;-4,4635;-13,2319;-4,5750;14,695
12,652445;-4,2084;-12,7307;-5,9588;14,673
12,655028;-4,0096;-11,0049;-8,5043;14,474
12,680677;-4,8026;-9,8071;-8,9627;14,127
12,683465;-6,0528;-7,8468;-10,3937;14,361
12,685427;-7,4992;-0,6460;-11,6827;13,897
12,697295;-1,9108;8,2493;-7,4192;11,258
12,699561;1,2819;8,5455;-5,2251;10,098
12,722096;2,4366;8,1307;-3,7545;9,281
12,723876;2,6911;7,6717;-0,9018;8,180
12,725228;2,4172;7,1203;-0,0611;7,520
12,751499;1,9605;6,7605;1,9865;7,314
12,753312;1,4918;6,4790;4,8392;8,223
12,777591;0,5431;6,6305;5,4217;8,582
12,779961;0,3538;6,2288;5,9353;8,611
12,781169;-0,2929;6,7247;6,4041;9,291
12,797641;-0,7100;6,6715;6,6667;9,458
12,799990;-0,6440;6,5028;7,0884;9,641
12,822715;-0,6606;6,3711;7,0578;9,531
12,824810;-0,1930;6,3510;6,6786;9,218
12,826321;0,6726;6,0430;6,8564;9,164
12,851219;1,3520;5,6718;5,5375;8,041
12,853580;1,1135;5,6252;5,6918;8,080
12,872491;0,0434;5,5689;5,5680;7,875
12,874984;0,4156;5,5665;5,7197;7,992
12,876226;0,2694;5,8977;5,3690;7,980
12,896751;0,3084;5,6808;5,4949;7,910
12,899113;0,3022;5,5596;4,4965;7,157
12,921844;0,1267;5,5603;4,5938;7,214
12,923408;0,0946;4,6661;4,1997;6,278
12,924109;0,5522;3,9815;4,2057;5,818
12,949309;0,6149;3,9455;4,5897;6,084
12,951633;15,1148;28,2929;3,9406;32,318
12,972257;4,8361;9,7719;3,6681;11,504
12,974773;-15,6335;-1,4889;-14,1589;21,145
12,976004;-32,5306;35,4479;-14,4063;50,223
12,996997;-31,3044;36,3866;-14,6550;50,187
13,000006;-14,5466;21,1523;16,7132;30,633
13,022372;-16,1521;3,3891;16,5733;23,389
13,024752;-16,1799;3,1817;16,4319;23,279
13,025975;-17,9172;-4,3761;16,3131;24,623
13,047566;-14,3729;-15,9574;10,5176;23,913
13,050277;-6,6529;-19,0971;10,1914;22,646
13,072618;1,5417;-18,3623;9,7675;20,856
13,075402;0,9685;-10,2558;9,1762;13,796
13,077045;-4,5441;-2,0687;12,0525;13,046
13,097645;-7,7086;3,8743;11,1076;14,065
13,099791;-10,1307;7,0398;11,9505;17,176
13,122283;-12,4403;5,2322;10,9969;17,409
13,124928;-10,6717;2,8016;16,5721;19,909
13,126781;-6,5669;3,1877;15,6980;17,312
13,147673;-2,1309;4,1261;14,5494;15,273
13,149595;1,1233;4,0604;13,8919;14,517
13,172969;1,7290;1,0024;13,3275;13,477
13,175753;-0,7039;0,6933;12,5226;12,561
13,177018;-3,4819;1,4268;12,0615;12,635
13,197826;-4,9718;2,5335;11,2036;12,516
13,200383;-5,0839;3,6894;8,2189;10,344
13,222449;-4,3451;4,4026;7,5897;9,791
13,224813;-3,3741;4,2750;5,8810;8,015
13,226360;-2,3747;3,7706;5,5587;7,124
13,247664;-1,8080;3,3583;4,5774;5,958
13,249547;-1,4493;3,0058;3,8166;5,070
13,272355;-1,5375;2,5513;3,5381;4,625
13,275377;-1,7576;2,1570;3,0423;4,123
13,276899;-2,2780;2,2017;2,8537;4,264
13,297598;-2,7802;3,1612;2,2363;4,767
13,300118;-2,7761;3,8551;2,0922;5,191
13,322142;-2,4993;4,5012;1,9643;5,511
13,324832;-1,8982;4,9652;1,8744;5,637
13,326368;-1,3503;5,5401;1,9189;6,016
13,347513;-0,7832;5,9521;1,9655;6,317
13,349636;-0,5082;7,1196;2,0325;7,421
13,372107;-0,1062;7,7913;2,0777;8,064
13,373983;0,1047;8,1155;0,8242;8,158
13,374778;0,0809;8,1642;0,8761;8,212
13,397425;-0,2598;8,1093;0,9408;8,168
13,399948;-0,3710;8,2641;1,5221;8,411
13,421199;0,6096;8,7241;1,6253;8,895
13,423836;0,5859;8,6243;2,6054;9,028
13,424989;2,4066;10,5885;2,7094;11,191
13,447727;3,6578;11,6883;1,8961;12,393
13,449535;4,7317;12,7934;1,6074;13,735
13,472661;5,5735;13,8949;1,7187;15,069
13,474952;6,0972;14,2432;-0,6296;15,506
13,476173;6,9177;12,1103;-0,5286;13,957
13,497578;6,2306;8,1746;-0,4197;10,287
13,500155;5,5041;4,6592;-4,7279;8,623
13,522026;4,7805;2,0235;-4,6348;6,959
13,524921;4,2736;-0,0360;-6,5476;7,819
13,526762;4,2970;-1,2111;-6,4719;7,862
13,548497;4,8036;-3,4739;-11,8998;13,295
13,555161;4,8294;-6,9828;-11,7510;14,497
13,571960;4,7249;-8,3159;-11,6038;15,038
13,573185;4,8811;-9,0143;-11,4475;15,366
13,573986;4,7201;-9,6475;-9,2339;14,164
13,604560;4,0683;-10,2562;-9,0242;14,254
13,605666;2,9277;-10,6865;-7,1868;13,207
13,622155;2,1049;-11,0612;-6,9179;13,215
13,624722;1,4067;-11,7737;-5,3859;13,023
13,626284;1,0375;-12,8126;-5,0579;13,814
13,647158;0,1623;-13,3689;-1,5157;13,456
13,649668;-0,5682;-13,7532;-0,9969;13,801
13,672366;-0,9076;-14,2634;-0,4363;14,299
13,674949;-1,4227;-14,2695;0,2309;14,342
13,676295;-2,0542;-13,8338;1,2556;14,042
13,697413;-2,5823;-13,2910;2,3162;13,736
13,700539;-3,6455;-12,2666;3,8809;13,372
13,722180;-4,7421;-10,4472;5,8063;12,859
13,724834;-5,6127;-7,4052;5,4106;10,752
13,726485;-5,8121;-3,2358;6,1314;9,047
13,747486;-5,0535;0,9408;5,2772;7,367
13,749129;-3,3373;4,1435;2,1335;5,732
13,772403;-1,7736;6,1815;0,8665;6,489
13,774669;-0,8660;7,3567;-0,3739;7,417
13,775995;-0,6780;8,2417;-1,3685;8,382
13,797448;-0,8807;8,6612;-2,8191;9,151
13,799841;-1,2407;9,0529;-3,1748;9,673
13,822254;-2,0294;9,4563;-3,4004;10,252
13,824802;-2,0163;9,6278;-3,4759;10,433
13,826485;-1,9051;9,7459;-2,5504;10,253
13,847626;-1,9882;9,8539;-1,8006;10,212
13,849457;-2,2408;9,9855;-1,3441;10,322
13,872618;-2,3929;9,8683;0,3346;10,160
13,874821;-2,6749;9,4523;1,5100;9,939
13,876005;-2,9196;8,8859;2,6665;9,726
13,897194;-3,2525;7,8858;3,7476;9,317
13,899720;-3,0602;6,7988;4,6856;8,806
13,923141;-2,3319;5,6086;6,3219;8,767
13,925392;-2,1002;4,5260;6,8909;8,508
13,926375;-1,5348;3,9891;7,2853;8,447
13,952969;-1,1074;3,4415;8,3998;9,145
13,953987;-0,7270;2,9726;8,5324;9,065
13,972014;-0,2693;2,6115;8,3172;8,722
13,973115;0,1030;2,1400;8,3265;8,598
13,973490;0,2464;1,5088;8,3087;8,448
13,996929;0,4795;0,6281;8,2674;8,305
13,997987;0,9554;0,0288;8,2031;8,259
14,021978;3,0826;3,2031;7,8426;9,015
14,022950;7,0669;10,4152;7,7205;14,766
14,023369;9,6286;16,7354;2,7844;19,507
14,049499;-5,4302;1,5976;2,6176;6,236
14,050667;-28,5319;26,9318;2,4048;39,309
14,071945;1,2041;19,7524;2,7966;19,986
14,073076;-3,9689;15,6954;2,5132;16,383
14,073638;-8,8717;10,9825;2,0459;14,266
14,096903;-13,5132;2,8967;1,4744;13,899
14,098222;-16,6325;-5,2802;0,9997;17,479
14,122430;-15,0532;-12,6351;0,7049;19,666
14,124033;-9,4363;-18,8626;0,4229;21,096
14,124684;-0,8209;-14,7494;0,1719;14,773
14,152291;-0,2084;-3,2014;10,1955;10,688
14,154053;-4,2528;6,8253;10,3545;13,111
14,172644;-14,2792;20,5076;9,9918;26,913
14,175323;-13,9241;20,4255;13,6137;28,221
14,176968;-10,8844;14,4910;13,3043;22,482
14,197426;-4,0731;-5,2448;13,0562;14,648
14,199644;-1,0072;-10,9909;16,0743;19,499
14,222407;1,0207;-10,7738;15,6556;19,032
14,224771;-0,6687;-6,3052;15,2107;16,479
14,226281;-5,1012;-0,8495;14,8119;15,689
14,247670;-10,4070;3,2445;15,0046;18,546
14,249826;-13,5484;3,0593;13,2085;19,167
14,272346;-12,4635;-1,3300;12,4340;17,655
14,274588;-10,0930;-6,7015;10,5214;16,046
14,275736;-6,6789;-8,9782;9,7225;14,824
14,298002;-3,8822;-6,9514;8,5480;11,682
14,299416;-2,1910;-3,7291;7,8130;8,930
14,322144;-3,4664;-0,2766;7,0799;7,888
14,323089;-4,0280;-0,4237;6,3344;7,519
14,324081;-3,9801;-0,9491;6,1467;7,384
14,347182;-3,3552;-0,9928;5,4753;6,498
14,348053;-2,8038;-0,0607;4,9658;5,703
14,371715;-2,1333;1,3688;4,6827;5,325
14,372477;-1,2274;2,6908;4,5200;5,402
14,372776;-0,5655;3,7493;4,3887;5,800
14,396610;-0,3084;4,4429;4,3307;6,212
14,398198;-0,0700;4,7241;2,9517;5,571
14,421922;-0,1397;4,7105;2,8946;5,531
14,422878;-0,4771;4,6916;1,5386;4,960
14,423389;-1,1374;4,7561;1,4785;5,109
14,447184;-1,4398;4,9061;1,4023;5,302
14,447991;-1,4717;5,3710;1,0189;5,661
14,472244;-1,1932;5,6442;0,9775;5,851
14,473862;-0,4046;5,7179;0,9582;5,812
14,474394;0,2024;5,7800;0,9604;5,863
14,496431;0,9705;5,8642;0,5250;5,967
14,497853;1,2739;6,0508;0,0610;6,184
14,522164;1,7596;6,2049;0,0926;6,450
14,523241;1,8174;6,7416;-0,0640;6,983
14,523825;1,7929;7,1611;-0,0233;7,382
14,546323;1,9866;7,7530;0,0291;8,004
14,547134;2,4717;8,0247;0,0894;8,397
14,572597;4,0780;7,9236;1,7684;9,085
14,574804;3,9143;7,6366;1,8453;8,777
14,575678;5,4226;8,9545;2,6986;10,811
14,597230;5,4917;9,9210;2,7935;11,679
14,599168;5,6844;11,1199;3,6822;13,020
14,622594;5,0673;12,9900;3,8026;14,453
14,625018;3,7656;14,3556;3,9262;15,352
14,626607;2,8727;14,1952;-0,3758;14,488
14,647710;3,5426;12,2500;-0,2958;12,755
14,649627;4,2347;8,7343;-2,6068;10,051
14,673168;3,2594;4,9186;-2,4896;6,404
14,675762;2,1750;1,4733;-3,8996;4,702
14,677516;1,6781;-1,7474;-3,7846;4,494
14,697193;1,8729;-4,6768;-3,6724;6,234
14,699122;2,3909;-6,3262;-8,9881;11,248
14,722255;2,9194;-7,2349;-8,8400;11,790
14,724826;3,6964;-7,7011;-8,6280;12,141
14,726536;4,4549;-8,1510;-8,4123;12,532
14,747208;6,0548;-8,6143;-5,7989;12,021
14,749180;6,7070;-8,8960;-5,6378;12,486
14,772223;5,4876;-9,3785;-5,5265;12,191
14,774837;3,6204;-9,7440;-5,4063;11,717
14,775617;1,9985;-9,9905;-5,1821;11,431
14,797135;1,0004;-10,2712;-3,4491;10,881
14,800018;0,2237;-10,4680;-3,2028;10,949
14,821958;-0,7390;-10,5135;-2,9154;10,935
14,824448;-0,9315;-10,5994;-2,5656;10,945
14,826317;-2,0259;-11,5283;-2,8354;12,043
14,847278;-2,7320;-12,5587;-2,2131;13,042
14,849918;-3,1778;-12,8433;-1,5052;13,316
14,872249;-3,7792;-12,8278;-0,3743;13,378
14,875037;-4,4012;-12,4867;0,9669;13,275
14,876607;-5,1268;-11,5656;3,0866;13,022
14,897345;-5,8106;-9,0019;5,5321;12,058
14,899850;-5,5051;-5,2120;6,4977;9,985
14,922580;-4,3729;-1,8286;7,0532;8,498
14,924918;-3,1572;0,7212;5,7190;6,572
14,926442;-2,0736;2,9891;4,8772;6,085
14,947188;-1,1821;5,1033;4,3001;6,777
14,948821;-0,4208;6,8769;2,3273;7,272
14,972245;0,4173;8,3216;1,7113;8,506
14,974434;1,0625;8,7415;0,7617;8,839
14,975373;1,3984;8,6912;0,4094;8,812
14,997360;1,7736;8,3455;0,3529;8,539
14,999558;1,8037;7,8845;0,8573;8,133
15,022240;1,7081;7,4022;1,1595;7,685
15,024255;1,5523;7,1390;2,4951;7,720
15,025574;1,2559;6,8461;2,9961;7,578
15,047832;0,8359;6,7275;4,3818;8,072
15,049982;0,4915;6,4478;4,8254;8,068
15,072534;-0,3115;6,1797;5,2947;8,144
15,074945;-0,5678;5,4295;5,7325;7,916
15,076070;-0,6911;4,8579;5,5874;7,436
15,097657;-0,8765;4,2714;5,8641;7,308
15,100342;-0,8113;3,5513;5,4502;6,555
15,121973;-0,8155;2,6432;5,5797;6,228
15,124140;-0,8701;2,0245;5,6508;6,065
15,125829;-0,3630;1,4865;5,6788;5,881
15,147327;-0,2233;0,8247;7,2417;7,292
15,149105;-0,1396;0,4141;8,0136;8,026
15,172707;0,0779;0,3637;7,9732;7,982
15,175282;-0,0118;1,3236;8,9286;9,026
15,176675;2,8516;19,4236;8,8814;21,547
15,197463;10,6213;15,0506;8,8282;20,427
15,199943;-11,3963;2,5520;9,3773;14,977
15,222398;8,5234;34,6425;9,3048;36,869
15,225080;10,8174;36,4691;27,9974;47,232
15,226502;-0,0712;30,0028;27,8930;40,966
15,247296;-8,4150;19,0520;27,7052;34,661
15,249544;-15,6993;4,6299;19,4034;25,385
15,272828;-22,2926;-9,3808;18,7072;30,576
15,275202;-22,2949;-14,9544;12,0109;29,410
15,277019;-15,1523;-15,7900;11,0599;24,520
15,297588;-7,6320;-17,6263;10,9905;22,130
15,300180;-1,0799;-18,4745;9,2996;20,711
15,322225;3,1384;-16,1857;7,5574;18,137
15,325083;0,4929;-10,1361;5,9839;11,781
15,327167;-7,4014;-2,1205;5,3312;9,365
15,347301;-14,7070;3,9824;4,3176;15,837
15,349650;-7,3944;-2,5164;9,1329;12,017
15,372740;0,1867;-6,7990;8,4770;10,868
15,374777;2,8983;-6,1769;7,8156;10,375
15,376148;1,4567;-2,0349;4,5134;5,161
15,397359;-1,6070;1,9642;4,1364;4,853
15,399544;-5,2885;4,2302;3,7930;7,762
15,422704;-8,0605;5,1295;3,4564;10,160
15,424652;-9,5485;5,1291;4,8783;11,886
15,426234;-9,3166;4,6411;4,7281;11,432
15,447192;-7,5031;3,7734;4,7406;9,644
15,449441;-4,8033;3,2169;4,7897;7,507
15,472724;-1,1691;5,2856;4,8367;7,259
15,474557;-1,1130;6,8956;4,8976;8,531
15,476033;-1,4458;6,9733;4,9248;8,659
15,497535;-2,3309;5,8569;4,8321;7,943
15,500331;-3,5486;4,3221;5,5352;7,868
15,522524;-4,1471;3,2766;5,4700;7,606
15,524889;-4,1309;3,4687;5,4938;7,699
15,526077;-4,2692;4,1752;5,5377;8,144
15,547217;-4,6753;4,8902;4,6273;8,197
15,549377;-4,3822;4,9679;4,6814;8,112
15,572294;-3,8584;4,5978;4,3899;7,436
15,574175;-2,8318;3,9333;4,4182;6,558
15,575381;-1,7013;3,0559;3,3178;4,821
15,597194;-0,8451;1,9730;3,3041;3,940
15,599582;0,0081;0,6390;3,2717;3,334
15,622129;0,2962;0,5568;3,2579;3,318
15,624412;0,6730;0,9615;1,3566;1,794
15,625445;0,8252;1,7984;0,9454;2,193
15,647430;0,7545;2,7750;0,9355;3,024
15,650245;0,7210;3,6602;0,9363;3,846
15,672626;0,6627;4,4901;0,9298;4,633
15,674765;0,7464;5,1800;0,9794;5,324
15,675878;0,6790;5,7716;0,9420;5,887
15,697478;0,6144;5,9987;1,2696;6,162
15,700040;0,7332;5,7554;1,2960;5,945
15,722847;1,4201;4,6662;1,2850;5,044
15,724892;1,2970;4,5679;1,2776;4,917
15,726265;1,3581;4,0635;1,2887;4,474
15,747371;1,4932;4,1868;1,1702;4,597
15,749505;1,6833;4,8852;1,2217;5,310
15,772850;1,5967;5,8786;1,2842;6,226
15,774879;1,3339;7,1199;1,4356;7,385
15,776269;1,8077;7,9648;1,5149;8,307
15,797400;2,0922;8,2552;1,6043;8,666
15,799931;3,2361;8,4188;1,6893;9,176
15,822938;4,4826;8,1028;-0,4800;9,273
15,825402;4,4091;7,6072;-0,3820;8,801
15,826917;3,8490;6,9666;-5,0673;9,435
15,847508;3,4730;5,6582;-4,9873;8,304
15,849641;2,8318;2,9044;-4,9123;6,371
15,872430;1,7397;-2,2261;-4,8414;5,605
15,874511;1,6936;-4,2535;-4,8886;6,698
15,875836;2,5286;-6,2780;-4,8146;8,306
15,897273;3,1779;-7,0553;-4,7024;9,055
15,899935;4,1754;-7,2491;-11,9397;14,579
15,922249;5,1214;-7,7634;-11,6603;14,915
15,924981;5,1081;-8,2506;-11,3970;14,969
15,927141;4,7310;-8,9233;-11,1848;15,070
15,947078;4,7488;-9,7933;-8,1038;13,570
15,950137;4,7469;-10,3035;-3,9703;12,019
15,972559;3,6237;-10,7238;-3,8355;11,952
15,975137;2,4725;-11,1109;-3,5204;11,915
15,976803;1,6496;-11,3862;-3,3278;11,977
15,997393;0,1978;-11,3075;-2,9655;11,692
16,000508;-0,5978;-11,2542;-2,6888;11,586
16,021934;-1,0572;-11,2638;-2,3951;11,564
16,024134;-1,5231;-11,3675;-2,0417;11,649
16,025440;-2,4799;-11,2833;-1,5513;11,656
16,047411;-3,5864;-10,9668;-1,4497;11,629
16,050421;-5,1226;-10,1914;-1,4499;11,498
16,072689;-7,2724;-8,3736;-2,5691;11,384
16,074732;-9,5021;-4,9352;-2,8460;11,079
16,076209;-9,9912;-0,7074;-3,6773;10,670
16,097804;-9,0154;2,3309;-3,3853;9,908
16,100445;-7,8189;4,5585;-3,3152;9,639
16,122211;-7,1094;6,2013;-3,0479;9,914
16,124149;-6,2421;7,2428;-4,2559;10,466
16,125243;-5,5069;8,4260;-6,4028;11,930
16,147471;-4,7798;9,6002;-6,0109;12,294
16,149708;-4,3276;10,3428;-6,5464;12,983
16,172187;-3,7475;10,8641;-5,8571;12,899
16,174413;-3,0066;11,2543;-6,9942;13,587
16,175924;-2,2913;11,3173;-6,1247;13,071
16,197493;-1,3107;11,0155;-4,8554;12,109
16,199708;-0,5798;10,1434;-1,8242;10,322
16,222229;-0,0434;8,6032;-0,1564;8,605
16,224317;0,1411;6,8181;1,3863;6,959
16,225256;0,1593;4,9711;2,1837;5,432
16,247103;0,3698;3,1371;5,9587;6,744
16,249281;0,4933;1,9723;8,2934;8,539
16,272761;0,5350;1,2199;8,3713;8,477
16,274779;0,6822;0,4803;9,0433;9,082
16,276116;0,9813;0,0006;9,0358;9,089
16,297551;1,0066;-0,0461;11,1227;11,168
16,300309;0,9166;0,4633;11,0962;11,144
16,322852;10,1766;19,9289;11,0598;24,961
16,325187;0,0153;1,5353;11,0182;11,125
16,326849;-24,5093;6,9170;10,9735;27,730
16,347794;-1,9148;10,6149;10,9223;15,351
16,350409;7,7630;10,0090;11,7041;17,246
16,381212;-0,7149;14,4303;11,6272;18,546
16,383638;-12,1681;10,6899;11,5272;19,880
16,385571;-28,1008;6,0388;11,3161;30,890
16,401961;-28,5704;-0,6566;10,7373;30,528
16,403220;-21,6405;-0,5959;19,5913;29,197
16,422474;-7,5488;1,4645;18,1502;19,712
16,424339;-0,3191;3,6956;16,2747;16,692
16,425066;0,6588;4,4668;14,3633;15,056
16,447512;-0,1515;3,5931;9,1712;9,851
16,450050;-1,6782;1,2970;7,9183;8,197
16,480779;-4,4721;-2,9168;7,2135;8,975
16,482895;-6,9602;-6,7364;6,6782;11,765
16,483999;-7,4017;-8,6789;6,0023;12,889
16,503287;-4,6523;-7,9948;8,3395;12,454
16,505387;-2,4322;1,4553;7,9295;8,421
16,522505;-1,9059;4,9444;8,3516;9,891
16,524807;-2,1618;6,5560;8,1410;10,674
16,526291;-3,2577;6,0219;7,8287;10,400
16,547651;-4,9477;3,7587;6,5456;9,025
16,550043;-6,9696;1,1003;6,2603;9,433
16,576075;-8,5539;-0,4821;5,9837;10,450
16,577543;-9,2238;-0,6532;5,7372;10,882
16,578123;-9,2334;-0,2540;6,4546;11,269
16,603851;-8,8590;-0,0652;6,1730;10,798
16,605996;-8,4699;-0,1514;5,8827;10,313
16,622424;-7,9201;0,6970;5,6355;9,745
16,624443;-7,8050;0,9938;4,8983;9,268
16,625285;-6,5986;2,2059;4,8222;8,465
16,646761;-5,5381;1,7649;4,7732;7,521
16,648963;-4,6137;1,0368;4,8855;6,799
16,676178;-3,7701;0,3903;4,8435;6,150
16,677626;-3,0635;-0,0294;5,0511;5,908
16,678704;-2,6494;0,0298;5,0872;5,736
16,697064;-2,3485;0,4176;4,8872;5,438
16,699610;-2,1231;1,0950;4,4145;5,019
16,722550;-1,7922;1,8209;4,4352;5,118
16,725042;-1,4210;2,5757;4,0960;5,043
16,726216;-1,2603;3,0472;4,0911;5,255
16,747527;-0,9695;3,5972;3,2370;4,935
16,750196;-0,7069;4,0672;1,7320;4,477
16,777334;0,4955;4,4477;1,7133;4,792
16,779665;1,2569;4,3560;0,9191;4,626
16,780867;1,7257;4,1752;0,8782;4,602
16,797155;2,0638;4,3416;0,6325;4,849
16,799535;2,1284;4,6907;0,5806;5,184
16,822309;2,0749;5,1596;0,2413;5,566
16,824904;2,0514;5,3645;0,2248;5,748
16,826425;1,9058;5,4588;-0,0411;5,782
16,847138;2,1109;5,4935;-0,0445;5,885
16,849100;2,2534;5,7725;-0,0428;6,197
16,876510;3,0992;6,2970;-0,0335;7,018
16,878891;2,9163;6,0837;-0,0021;6,747
16,879823;3,6617;6,2800;0,0559;7,270
16,897144;4,0727;6,9985;0,3740;8,106
16,899488;4,8733;7,3336;0,8250;8,844
16,921877;5,5878;8,4704;0,9422;10,191
16,923602;6,2775;10,0558;1,3013;11,926
16,924859;6,2794;11,9778;1,4372;13,600
16,947580;6,4405;13,2063;1,5828;14,778
16,950271;6,4863;13,5902;-2,8588;15,328
16,972881;5,4720;13,1515;-2,7091;14,500
16,975177;4,4712;12,1174;-3,1342;13,291
16,976717;3,6708;9,9259;-3,0019;11,000
16,997711;2,3632;6,7131;-4,7205;8,540
16,999679;0,8686;2,6568;-4,5759;5,362
17,022098;0,0216;-4,3669;-4,4311;6,221
17,024266;0,0461;-6,7551;-5,1033;8,466
17,025603;0,3571;-7,9535;-4,8440;9,319
17,046869;0,4840;-8,8662;-7,7272;11,771
17,048956;0,9234;-9,5327;-7,4715;12,147
17,072077;1,4177;-9,7855;-7,4726;12,394
17,073905;1,8112;-10,2398;-7,1984;12,647
17,075450;2,1805;-10,7717;-6,6858;12,864
17,097998;1,5969;-11,0898;-6,5208;12,964
17,099240;0,4937;-11,2157;-6,0758;12,765
17,122239;-0,3690;-11,2323;-5,8652;12,677
17,124781;-0,9934;-11,0715;-3,6666;11,705
17,126686;-1,3399;-11,1071;-3,3428;11,676
17,147079;-1,1769;-11,6045;-2,0347;11,840
17,149078;-1,1517;-11,9076;-1,5310;12,061
17,172623;-1,0448;-12,3083;-0,8374;12,381
17,175244;-1,1881;-12,3393;0,0434;12,396
17,176956;-1,7288;-12,0765;0,9326;12,235
17,197376;-2,2782;-11,8183;2,7551;12,347
17,199941;-3,0344;-10,7396;4,9101;12,192
17,222188;-4,1342;-7,5451;7,9770;11,733
17,224172;-3,3223;-3,0878;9,1386;10,202
17,225074;0,0046;-2,5354;7,6321;8,042
17,247411;1,9759;-1,7407;4,5824;5,285
17,249935;2,3841;0,2940;3,9773;4,646
17,272829;-0,1056;5,2936;3,4083;6,297
17,274789;-0,5518;6,9891;2,6964;7,512
17,276162;-0,9997;8,1800;2,6503;8,657
17,297636;-1,4933;9,0226;2,2473;9,417
17,300143;-2,0407;9,6772;1,6799;10,032
17,322279;-1,9999;10,1958;1,1998;10,459
17,324643;-1,1335;10,3422;0,9476;10,447
17,325704;-0,5612;10,9428;-0,6312;10,975
17,347373;-0,8774;11,5457;-0,7237;11,602
17,350084;-1,4378;11,6804;-2,5133;12,034
17,372897;-2,2081;11,7786;-2,1040;12,167
17,375010;-3,0296;12,1206;-1,8236;12,626
17,376293;-3,5395;12,2093;-3,1162;13,088
17,397113;-3,4183;12,1121;-2,2057;12,777
17,398285;-2,7977;11,5644;-1,5709;12,001
17,422454;-1,9957;10,3990;-0,3061;10,593
17,424457;-1,3110;8,3066;1,4685;8,537
17,425340;-0,2436;5,8067;2,3063;6,253
17,447785;1,0856;3,5524;3,0235;4,790
17,450305;2,2238;2,0182;3,0356;4,270
17,472781;2,6911;1,1221;6,9240;7,513
17,474523;2,5945;0,6896;6,9157;7,418
17,475956;2,0174;0,9361;6,6989;7,058
17,497945;1,5779;1,6182;8,5997;8,892
17,500182;1,5620;3,5381;8,4488;9,292
17,522318;51,7969;19,2784;8,3541;55,896
17,524428;51,7248;19,0911;8,2775;55,753
17,525950;-14,0164;29,6477;1,5056;32,829
17,546605;-26,9897;31,9615;1,4947;41,859
17,549594;-27,0456;31,9251;1,4865;41,867
17,572826;-26,4186;9,4799;21,5179;35,367
17,575342;-20,4740;2,1581;21,3516;29,660
17,577234;-14,9990;-0,0245;21,0733;25,866
17,597885;-8,5549;-1,4517;20,7825;22,521
17,599939;-1,8349;-3,2379;18,5174;18,888
17,622461;1,6251;-3,2219;18,0235;18,381
17,624610;2,4367;-2,1326;7,4963;8,166
17,625578;2,3245;-0,1416;6,9075;7,290
17,647685;0,5848;3,2668;6,2027;7,035
17,650352;-2,2725;5,8948;17,3438;18,459
17,672642;-2,5343;0,5788;16,4751;16,679
17,674717;-3,1875;-6,0421;15,0901;16,564
17,676260;-3,0433;-10,1851;13,5245;17,202
17,697510;-3,2878;-8,6717;10,9374;14,340
17,699555;-4,4681;-3,5354;7,4999;9,419
17,722745;-7,0004;2,4063;6,3496;9,753
17,724632;-9,6041;7,2226;4,9069;12,980
17,725586;-11,0308;9,0542;4,2103;14,879
17,747086;-11,4363;6,9870;3,5039;13,852
17,749342;-11,4867;1,9687;3,1373;12,069
17,772499;-9,3018;-3,5687;2,8897;10,374
17,774740;-9,2359;-3,3292;2,7205;10,188
17,776172;-7,2209;3,1921;2,5681;8,302
17,797411;-6,3746;5,1836;3,4501;8,911
17,799920;-6,1454;4,9834;3,3089;8,576
17,822334;-6,6239;4,2785;3,2301;8,521
17,824494;-6,8805;3,7510;3,2877;8,498
17,825697;-6,6784;3,6934;4,5443;8,882
17,847523;-6,0698;4,1294;4,7239;8,730
17,849717;-4,9492;4,5597;4,9325;8,344
17,881521;-3,3494;4,3670;5,1478;7,536
17,883735;-1,7765;3,8490;2,9220;5,149
17,884823;-0,6029;3,3779;3,0969;4,622
17,901870;0,4202;2,9677;2,8424;4,131
17,903873;0,5827;2,8598;2,3901;3,772
17,922191;0,6127;3,0669;2,4514;3,974
17,924443;0,6965;3,4164;1,6583;3,861
17,925671;0,5235;4,0397;1,6687;4,402
17,947145;0,3417;4,3041;1,6358;4,617
17,949393;0,4440;4,6601;1,6029;4,948
17,981426;0,6801;4,6180;1,5666;4,924
17,983521;1,1733;4,2987;0,0376;4,456
17,984643;1,8453;4,0420;0,0079;4,443
18,000684;2,3234;3,6990;-0,0091;4,368
18,001618;2,5668;3,7339;1,0144;4,643
18,022645;2,3446;4,3445;1,0030;5,038
18,025047;1,7734;4,9859;1,4617;5,490
18,026279;0,7738;5,5073;1,4668;5,752
18,047651;-0,7366;6,1007;2,7763;6,743
18,049845;-0,9765;6,2746;2,7944;6,938
18,080772;-0,7997;6,0218;3,4742;6,998
18,082384;0,0198;5,6897;3,5081;6,684
18,083613;0,8502;5,9725;4,2078;7,355
18,101185;2,0872;6,4939;4,2703;8,048
18,103647;3,6173;7,1744;4,3497;9,137
18,122369;5,4884;8,3206;4,4249;10,906
18,124243;6,9930;9,6365;2,8986;12,254
18,125621;7,9972;10,2369;2,9302;13,317
18,147635;8,1476;10,5431;-0,8109;13,349
18,149956;8,4491;9,8212;-3,6370;13,456
18,179884;6,8787;4,4530;-3,6244;8,960
18,181969;5,0940;1,8821;-3,6548;6,546
18,183153;3,3244;-0,5493;-3,6609;4,975
18,199827;1,7428;-2,9726;-3,6602;5,027
18,200798;0,8557;-5,3089;-4,9943;7,339
18,221832;0,4437;-7,2272;-4,8986;8,742
18,223779;0,1177;-8,5146;-6,2778;10,579
18,225013;-0,2178;-9,6334;-6,0536;11,380
18,246502;-0,6502;-10,2209;-6,6630;12,218
18,249188;-1,0007;-10,6946;-7,4731;13,085
18,279047;-1,0395;-11,1043;-7,3560;13,360
18,281992;-0,6756;-11,2437;-8,0350;13,836
18,283978;-0,5420;-11,5777;-7,8936;14,023
18,298632;-0,1876;-11,7714;-8,4008;14,463
18,301141;-1,0435;-12,1620;-8,1866;14,698
18,322220;-1,3471;-12,1829;-7,9160;14,591
18,324874;-1,4443;-12,0379;-7,5381;14,277
18,326573;-1,3803;-11,9428;-6,5806;13,705
18,346997;-1,1733;-11,9034;-5,7220;13,259
18,349847;-0,5443;-11,8884;-3,3117;12,353
18,376993;0,0750;-11,7815;-1,5947;11,889
18,379518;1,0344;-11,0496;2,2693;11,328
18,381163;2,1685;-8,3752;5,5550;10,281
18,397507;3,6080;-3,4835;10,3335;11,486
18,399687;4,1192;-0,0457;10,1499;10,954
18,422734;4,1026;1,3914;9,5521;10,489
18,425202;3,6991;2,1976;9,2389;10,192
18,426702;2,8143;2,7562;9,0402;9,861
18,447146;2,2377;3,3351;8,8608;9,728
18,448889;1,7491;4,1903;8,6641;9,782
18,476457;1,4801;4,9079;8,4491;9,883
18,478545;1,3180;5,6336;7,3640;9,365
18,479673;0,9507;6,1679;7,0103;9,386
18,497485;0,6350;6,8351;5,7451;8,951
18,499291;0,2894;7,3462;4,0977;8,417
18,522377;-0,1667;7,8985;3,4506;8,621
18,524675;-0,3080;8,6194;2,4198;8,958
18,525979;-0,5937;9,2485;1,5452;9,395
18,546907;-1,0916;9,7968;-1,1060;9,919
18,549084;-1,9581;10,0304;-2,0100;10,416
18,572136;-2,3956;9,7813;-4,7509;11,135
18,574215;-2,6914;9,5687;-5,4701;11,346
18,575616;-3,2265;9,4626;-6,0099;11,665
18,597320;-3,3451;9,4303;-6,1353;11,737
18,599705;-3,9856;9,5941;-5,9779;11,986
18,622361;-4,2262;9,8272;-4,6721;11,673
18,624437;-3,8518;9,6562;-1,5461;10,510
18,625246;-2,5433;9,0561;0,9783;9,457
18,647490;-1,4864;8,2045;3,4126;9,009
18,650063;-1,4037;8,0259;5,1395;9,633
18,672620;13,8350;33,8229;5,6225;36,973
18,674932;14,2030;32,8129;5,8272;36,227
18,676425;-8,7664;22,0745;5,8985;24,473
18,697616;-9,1906;40,7717;6,2582;42,261
18,699826;-0,7387;30,3499;27,0806;40,682
18,722818;-1,0459;25,4438;27,0312;37,137
18,725045;-3,2398;17,7177;26,9247;32,394
18,726692;-11,1129;9,1301;26,6531;30,286
18,747739;-20,5825;3,6983;22,1000;30,426
18,750554;-21,7154;1,5752;20,9913;30,244
18,772792;-15,4718;-0,5023;20,4728;25,666
18,775448;-3,6096;-0,3416;19,6953;20,026
18,776794;1,7185;-0,1034;17,9755;18,058
18,797567;1,4662;-0,4053;8,8003;8,931
18,799687;-2,0137;-1,0089;6,6851;7,054
18,822637;-10,3944;-4,8834;4,8672;12,473
18,824957;-9,6382;-4,6067;3,4013;11,211
18,826228;-5,0516;-3,1738;7,0990;9,273
18,847423;-0,3466;-1,6243;6,2136;6,432
18,850249;2,6893;-0,1434;5,4777;6,104
18,872883;4,0725;1,5460;4,8958;6,553
18,875119;2,6392;3,0761;3,1942;5,160
18,876409;-2,4650;3,4301;2,7718;5,052
18,897143;-8,2531;2,0310;2,3565;8,820
18,898493;-11,3797;-0,7284;3,8398;12,032
18,922465;-10,9969;-2,7493;3,5402;11,875
18,923739;-10,9212;-2,4536;3,3553;11,686
18,924555;-9,0798;0,0287;3,3986;9,695
18,947319;-2,1724;5,3339;2,3484;6,220
18,949434;-0,3674;6,7669;1,9430;7,050
18,972502;0,0278;6,5762;2,0051;6,875
18,974290;-1,1640;5,4921;2,0549;5,978
18,975409;-2,5992;4,1464;2,0772;5,316
18,997485;-3,5224;3,1794;3,1304;5,685
18,999629;-3,8663;3,0335;3,2491;5,891
19,022764;-3,4211;3,5181;3,3741;5,955
19,024598;-2,5856;4,3057;3,4573;6,097
19,025694;-1,6541;4,9007;3,1862;6,075
19,047326;-0,3878;5,2216;1,4974;5,446
19,049987;0,6991;5,1361;1,5719;5,417
19,072585;1,7589;5,2931;1,1510;5,695
19,074549;1,8495;5,4596;1,2168;5,891
19,075748;1,6938;5,5681;1,3051;5,965
19,097182;1,2532;5,8548;1,3347;6,134
19,099749;0,6018;6,0625;1,3627;6,243
19,122000;0,1118;6,0665;1,4068;6,228
19,122941;-0,0055;6,0197;1,4752;6,198
19,123538;0,3525;5,8752;1,5404;6,084
19,147368;1,0876;5,4975;1,6850;5,852
19,149664;1,9616;5,2136;1,5542;5,783
19,172606;2,6001;5,4889;1,6110;6,284
19,174416;2,9909;6,3630;1,8353;7,266
19,175890;3,1768;8,1132;1,9158;8,921
19,197428;3,1323;9,2563;2,0011;9,975
19,198501;3,7984;9,8825;2,6977;10,926
19,222291;4,3736;10,6056;2,7766;11,803
19,224353;5,0116;10,6866;2,8445;12,141
19,225384;5,3603;10,0861;2,8999;11,784
19,247524;5,4585;8,2484;1,9375;10,079
19,249624;5,8159;5,4395;0,1221;7,964
19,272570;5,8231;3,2170;0,2162;6,656
19,274431;4,4440;1,1326;-0,7872;4,653
19,275934;2,6344;-1,5933;-0,7231;3,163
19,297194;1,3229;-4,7652;-1,3192;5,118
19,298323;0,9859;-7,5448;-1,2634;7,713
19,322030;0,8891;-7,9431;-1,3974;8,114
19,324071;1,1553;-8,6478;-1,3277;8,825
19,324954;1,9308;-8,9636;-7,3493;11,751
19,347052;2,2743;-9,0675;-7,3081;11,866
19,349352;3,1056;-9,0418;-7,2848;12,019
19,371854;3,0241;-9,5560;-7,3127;12,407
19,373629;2,4817;-9,5421;-7,3813;12,316
19,375129;2,1310;-9,2383;-7,4743;12,073
19,396769;1,4441;-9,0234;-6,7550;11,364
19,397956;0,6936;-9,0548;-6,7700;11,327
19,422425;-0,0545;-9,1450;-6,7279;11,353
19,424314;-0,7859;-9,1880;-5,4491;10,711
19,425167;-1,6006;-9,0625;-5,3808;10,660
19,447303;-2,3033;-8,8580;-5,2115;10,532
19,449059;-3,5483;-8,5710;-5,0684;10,571
19,472178;-4,6607;-8,2114;-4,8243;10,603
19,474281;-6,3030;-7,3622;-4,4645;10,671
19,475650;-8,2722;-5,7334;-3,6184;10,696
19,497645;-9,9935;-3,2682;-2,2593;10,754
19,500069;-10,7843;-0,5613;-0,6243;10,817
19,522221;-10,5089;1,3565;1,1543;10,659
19,525026;-10,0554;2,1665;2,6513;10,622
19,526884;-9,2076;2,4471;4,2843;10,446
19,547503;-8,0321;2,6569;4,7015;9,679
19,549911;-7,3742;3,2320;5,0770;9,518
19,581892;-6,2722;4,0690;4,8234;8,897
19,583865;-5,6452;4,6241;4,8823;8,780
19,584922;-4,0452;5,4808;3,3381;7,586
19,603030;-2,8995;6,0368;3,3394;7,483
19,605082;-1,5704;6,3965;2,1527;6,929
19,623076;-0,2238;6,6706;1,9913;6,965
19,625406;1,4501;6,6093;0,9537;6,833
19,626636;2,9835;6,5261;0,7545;7,215
19,647188;3,9084;6,0364;0,9112;7,249
19,649911;4,0087;5,4867;2,4400;7,220
19,680584;3,8111;4,9130;3,0268;6,916
19,682860;3,4889;4,5110;3,9889;6,959
19,684070;3,3153;4,3822;4,4127;7,047
19,703318;2,9147;4,4183;6,2261;8,172
19,705202;2,6841;4,3418;6,4631;8,236
19,722752;3,0489;5,3517;6,6426;9,059
19,724532;2,8123;6,1487;5,6743;8,827
19,725633;7,2117;27,8805;5,7810;29,373
19,747716;16,3544;21,6963;5,4011;27,701
19,750281;-1,8737;26,6326;5,4629;27,252
19,778550;1,1862;36,7324;5,5064;37,162
19,780447;0,7407;35,1291;13,9939;37,821
19,781520;-2,6738;28,8122;13,9906;32,141
19,809902;-2,8160;22,1021;13,9470;26,286
19,811154;-0,2453;16,1344;13,7361;21,191
19,822612;-2,3841;5,9618;12,9318;14,438
19,825132;-2,3938;4,2851;11,8534;12,829
19,826750;2,2299;0,0716;11,0422;11,265
19,847479;3,3604;-2,4487;9,9818;10,813
19,849887;1,7599;-5,2882;10,0889;11,526
19,879356;-0,3743;-7,3079;8,9856;11,588
19,881022;-1,3992;-9,2948;8,0642;12,385
19,882104;-3,4338;-11,3929;7,3208;13,971
19,900699;-8,8858;-13,6895;6,7075;17,645
19,902014;-13,0052;-15,4102;5,8072;20,984
19,922261;-17,3438;-16,5638;5,2908;24,559
19,925030;-19,0196;-19,0683;4,7578;27,349
19,926834;-16,3954;-17,0980;4,2222;24,062
19,947237;-9,1369;-12,6049;3,6819;15,998
19,949450;-2,7361;-9,0221;3,3566;10,008
19,978142;0,6870;1,6708;2,5981;3,164
19,980183;0,8012;1,8234;3,2744;3,833
19,981371;-1,0728;8,3636;2,4039;8,768
19,998602;-4,0235;5,6224;5,3632;8,750
20,000793;-8,5174;1,5656;6,6663;10,929
20,022584;-11,5694;0,1370;6,0218;13,043
20,025452;-11,7575;2,7258;4,8975;13,025
20,026864;-9,2924;6,8968;4,5604;12,438
20,047691;-6,0993;9,7030;4,6900;12,383
20,050207;-4,0174;10,0163;4,9194;11,860
20,072839;-2,3200;6,2658;5,0893;8,399
20,074834;-2,1991;6,2659;5,1914;8,429
20,075799;-2,5378;6,0617;6,5596;9,285
20,097621;-3,0320;7,1281;6,8022;10,309
20,100017;-3,1713;7,4263;6,9215;10,636
20,122467;-3,2063;7,4373;7,2284;10,856
20,124741;-2,8153;6,7158;7,3409;10,340
20,126046;-1,9164;5,6560;7,4427;9,542
20,147200;-1,6383;5,0148;5,6042;7,697
20,149585;-1,1440;4,5099;5,6584;7,326
20,172255;-0,4790;3,9862;5,4905;6,802
20,174128;0,0079;3,3326;5,4822;6,416
20,175537;0,3172;2,8119;4,2216;5,082
20,197322;0,5073;2,5233;3,7733;4,568
20,199927;0,6792;2,3469;3,6595;4,400
20,222182;0,4298;2,6538;2,9769;4,011
20,224400;0,1675;2,8366;2,9345;4,085
20,225668;0,0995;3,1580;2,2561;3,882
20,247016;0,3319;3,3038;1,9826;3,867
20,248985;0,4088;3,4499;1,9383;3,978
20,272076;0,6217;3,2830;1,2767;3,577
20,273997;0,4873;3,0413;1,2267;3,315
20,275402;0,3197;2,7859;-0,2629;2,816
20,297233;0,0676;2,4393;-0,2882;2,457
20,299664;0,0025;2,3094;-0,3031;2,329
20,322327;0,0124;2,3770;-0,3221;2,399
20,324402;0,3304;2,5597;-0,3383;2,603
20,325482;0,5228;2,9539;-0,6491;3,069
20,347282;0,8742;3,6016;-0,6355;3,760
20,349910;1,0403;4,7136;-0,0884;4,828
20,372526;1,6473;5,2791;-0,0170;5,530
20,374588;2,5594;5,8401;-0,0145;6,376
20,376113;3,2393;6,2857;0,0865;7,072
20,397092;4,4303;6,9936;0,2041;8,281
20,399472;5,2738;8,1007;-0,4958;9,679
20,422517;5,6057;9,2387;-0,3856;10,813
20,424589;6,3387;9,2100;-1,1414;11,239
20,425965;6,5027;8,7848;-1,0090;10,976
20,447471;5,9330;8,5325;-2,7802;10,758
20,450214;5,4614;7,6164;-4,6997;10,484
20,472387;2,8860;3,0778;-4,5327;6,193
20,474587;2,6043;2,8832;-4,3625;5,842
20,475646;1,2188;-3,4661;-4,1819;5,567
20,497202;0,9494;-6,2421;-2,7635;6,892
20,499497;0,8383;-7,9500;-2,6000;8,406
20,522181;0,6244;-8,7093;-2,3932;9,054
20,523804;0,5716;-9,3512;-5,1874;10,709
20,524747;0,4880;-9,8322;-4,9391;11,014
20,546616;0,3600;-10,2070;-4,8751;11,317
20,549399;0,5578;-10,3952;-4,7109;11,426
20,572184;1,3444;-10,4489;-6,3781;12,315
20,574618;2,0848;-10,7913;-6,2759;12,656
20,576226;2,6272;-11,3858;-6,5085;13,375
20,596821;2,6094;-11,2532;-7,1134;13,566
20,598153;1,8881;-10,9529;-6,9575;13,113
20,621828;0,8827;-10,9193;-6,8095;12,899
20,622994;0,5532;-11,2775;-6,6182;13,088
20,623675;0,1529;-11,5533;-3,6618;12,121
20,646917;-0,5164;-11,6526;-3,1715;12,088
20,649332;-1,2785;-11,5310;-2,8011;11,935
20,672280;-2,3988;-11,3447;-0,8983;11,630
20,674557;-4,1887;-10,6336;-0,4234;11,437
20,676103;-7,5720;-8,0627;0,9303;11,100
20,696933;-9,6443;-0,4489;3,1355;10,151
20,698141;-7,7277;4,1315;4,2288;9,730
20,721807;-6,5202;5,4233;4,5163;9,608
20,723273;-5,9131;5,8278;4,7379;9,559
20,724154;-5,5527;5,8426;4,4045;9,185
20,747596;-4,6257;5,9386;3,7144;8,394
20,750085;-3,8302;6,1826;3,2464;7,965
20,772468;-2,9289;6,2030;2,1843;7,199
20,774301;-2,3358;6,0889;1,6979;6,739
20,775658;-2,3379;6,3097;1,3318;6,859
20,797111;-2,7676;7,0116;0,7923;7,580
20,798310;-3,5259;7,4926;0,2682;8,285
20,822616;-3,8373;8,1149;-0,2331;8,979
20,824549;-3,2895;9,0137;-0,6198;9,615
20,825415;-2,5560;9,9071;-1,3650;10,322
20,847622;-2,5941;11,3234;-1,6116;11,728
20,849697;-2,2707;15,2080;-3,8123;15,842
20,872336;0,1216;23,3880;-4,0457;23,736
20,874426;2,1976;29,3005;-6,8273;30,166
20,875768;4,6246;35,9805;-6,8764;36,922
20,896924;5,7061;45,1806;-8,8227;46,386
20,898123;7,8250;56,3368;-8,2967;57,480
20,922634;25,7881;66,5427;-7,6472;71,774
20,924746;4,4815;71,7975;17,6116;74,062
20,925932;-9,9122;64,3089;18,7098;67,705
20,947167;-7,8170;41,1843;18,4693;45,808
20,949290;-4,4935;25,7080;-15,8235;30,520
20,972400;-2,3683;5,8154;-15,8723;17,069
20,974829;-1,8577;5,7157;-15,8757;16,975
20,976768;-1,2287;-1,1317;-15,7385;15,827
20,996853;0,7715;-10,9146;2,5218;11,229
20,998288;6,2696;-16,2429;7,4295;18,930
21,022582;15,5502;-19,0008;7,4607;25,661
21,024553;12,1777;-17,7047;7,4202;22,734
21,025637;5,5035;-15,6218;7,2287;18,072
21,047146;1,8787;-14,2739;4,2754;15,018
21,049372;-0,0956;-13,2638;4,0584;13,871
21,080791;-1,0203;-12,4013;-1,3376;12,515
21,082960;-2,0862;-11,6090;-1,4594;11,885
21,084099;0,1402;-9,9294;-6,5004;11,869
21,097900;-3,1284;-11,8035;-6,5359;13,850
21,099252;-3,3755;-12,9044;-6,5190;14,846
21,122155;-2,7108;-12,1630;-6,5619;14,084
21,123399;-2,4372;-9,1167;-4,1293;10,301
21,123961;-4,2028;-5,9014;-4,4014;8,477
21,147675;-6,3740;-3,4592;0,5962;7,277
21,149432;-2,6601;-2,9520;6,0583;7,245
21,181562;3,8699;-1,7039;4,7887;6,388
21,183900;6,1552;1,1952;2,2146;6,650
21,185102;4,9756;9,6723;-1,6522;11,002
21,203830;4,3808;21,5741;-2,1272;22,117
21,206183;3,7030;26,4718;-0,5499;26,735
21,223320;2,2084;28,5284;1,3115;28,644
21,225669;1,3865;30,0604;1,4746;30,128
21,227094;2,5150;28,5398;5,6163;29,196
21,247439;3,1168;12,2645;3,9917;13,269
21,249973;3,6271;4,7989;0,1574;6,017
21,272677;3,3640;1,9229;-0,6667;3,932
21,274998;3,3713;-0,5307;-0,7340;3,491
21,276280;3,6147;-2,3798;-0,8857;4,417
21,298188;3,9907;-3,7224;-1,1801;5,583
21,300253;4,4574;-4,7106;-1,2143;6,598
21,322164;4,3249;-4,8901;-2,8616;7,128
21,324280;3,1882;-4,1483;-2,8137;5,941
21,325448;1,6185;-2,7950;-4,5358;5,568
21,347497;-0,0117;-1,2873;-4,5082;4,688
21,349899;-1,2409;0,2201;-5,2848;5,433
21,372452;-4,0046;2,5326;-5,2216;7,051
21,374516;-4,0890;2,5423;-5,1220;7,030
21,375847;-3,3091;2,7481;0,5661;4,338
21,397463;-1,2707;2,6121;0,6578;2,978
21,399340;0,4843;2,4426;3,8509;4,586
21,422592;0,9011;2,4667;3,9438;4,738
21,424807;0,6152;2,4497;5,2656;5,840
21,425944;-0,1977;2,3095;5,3623;5,842
21,447518;-1,5651;2,4254;4,2180;5,111
21,450096;-2,3249;2,1820;0,0789;3,189
21,472959;-1,8434;2,0033;0,1022;2,724
21,475142;-0,6687;1,7868;0,1102;1,911
21,476566;1,0262;0,9992;2,2430;2,661
21,496891;1,8092;-0,0208;2,1704;2,826
21,498940;0,6186;-1,7657;2,8808;3,435
21,530211;0,9121;-2,4291;2,7363;3,771
21,532366;0,6593;-2,7393;2,5589;3,806
21,533383;-0,2845;-2,8544;2,3737;3,723
21,547299;-1,2294;-2,8893;1,6948;3,568
21,549255;-1,9003;-2,9984;1,5161;3,860
21,572355;-2,1692;-2,8769;-0,8018;3,691
21,574545;-1,1735;-3,2942;-0,9593;3,626
21,575910;-0,0027;-3,8204;-1,1273;3,983
21,597276;0,5898;-3,9560;-1,2961;4,204
21,599788;0,7028;-3,6218;-0,0929;3,691
21,622683;-0,8039;-3,1638;-0,2683;3,275
21,624963;-0,8996;-3,1203;-0,3772;3,269
21,625930;-1,2092;-0,5101;-0,5506;1,423
21,647260;-0,0257;1,5164;-0,6627;1,655
21,649487;2,6567;3,9557;-1,7641;5,081
21,672150;1,7767;4,7782;-1,8188;5,413
21,674561;-0,6239;4,2033;-2,2093;4,789
21,675641;-2,2496;4,1589;-2,1975;5,214
21,697809;-2,7002;3,5993;-2,1248;4,976
21,699747;-2,8223;1,5321;5,7406;6,578
21,723259;-1,9436;-0,8837;5,8970;6,272
21,725942;-0,0980;-1,7047;5,9830;6,222
21,727051;1,9426;-1,2208;6,0562;6,476
21,747981;3,1468;-1,0020;2,3935;4,079
21,750303;2,4500;-1,3209;-0,9242;2,933
21,771327;0,2343;-1,3728;-0,8716;1,643
21,773958;0,5277;-1,0028;-1,8388;2,160
21,775108;0,5254;-1,0105;-1,7828;2,116
21,797327;2,1138;-0,3687;-1,0048;2,369
21,799112;2,6807;-0,0303;-0,9094;2,831
21,822649;2,9721;0,1566;-0,9633;3,128
21,824515;3,1503;0,3828;-0,8639;3,289
21,825990;3,3573;0,3496;-0,7710;3,462
21,847034;3,0048;0,5978;-0,6975;3,142
21,848895;1,6443;0,9325;-1,4456;2,380
21,871747;-0,8042;0,8524;-1,4327;1,851
21,873934;-0,9773;0,8857;-2,5042;2,830
21,875370;-1,5118;0,6456;-2,4129;2,920
21,908507;-0,8858;-0,6283;-4,6201;4,746
21,910761;-1,1252;-0,7264;-4,5177;4,712
21,927839;-1,4790;-0,4126;-4,3894;4,650
21,928922;-1,5423;0,3950;-1,9142;2,490
21,929509;-4,5409;2,4268;-1,8132;5,459
21,947461;-5,2104;3,0724;-0,0795;6,049
21,949573;-4,0090;2,5609;4,8570;6,799
21,971726;-2,7883;2,1219;4,9217;6,042
21,974091;-2,3678;1,9126;4,9813;5,838
21,975620;-3,2855;1,9244;5,0398;6,316
22,005243;-3,7704;1,6592;0,5390;4,154
22,007268;-2,6562;1,1235;0,5956;2,945
22,023638;-0,5972;0,7398;0,6217;1,136
22,024783;-0,1921;0,9360;2,2358;2,431
22,025201;-0,5184;1,4817;2,2269;2,725
22,047319;-0,8067;1,8404;2,2171;2,992
22,049100;-0,5313;1,6328;2,1983;2,789
22,072267;0,0512;0,7770;0,4957;0,923
22,074526;0,7011;-0,2675;0,3930;0,847
22,075649;1,6494;-1,2325;-0,0944;2,061
22,106887;1,6119;-1,8877;-0,1971;2,490
22,108996;0,6328;-1,6979;0,1086;1,815
22,127377;0,1669;-1,3536;0,0559;1,365
22,130076;0,0802;-1,2769;0,7311;1,474
22,131772;-0,1236;-0,8550;0,6783;1,098
22,147219;-0,7935;-0,3177;0,6248;1,059
22,149680;-0,6455;-0,5066;0,1342;0,831
22,172310;0,3949;-0,6952;0,0854;0,804
22,174695;1,2429;-0,9989;0,0489;1,595
22,176063;2,5112;-1,8392;0,0253;3,113
22,205693;3,4674;-3,1004;2,0298;5,075
22,207690;4,2994;-3,9395;2,0023;6,166
22,225933;4,4650;-3,9375;2,0249;6,288
22,227672;0,3728;-1,2532;1,8182;2,240
22,228895;-1,7961;0,5127;1,8211;2,609
22,247518;-2,5635;1,1669;1,1278;3,034
22,249444;-1,5820;0,8247;0,5617;1,870
22,272882;1,0220;0,7903;0,4961;1,384
22,275483;1,4282;1,1406;0,3127;1,854
22,276834;1,8595;1,6840;0,2443;2,521
22,303577;1,5669;1,9242;0,2924;2,499
22,305403;0,8036;1,7427;0,2495;1,935
22,323008;-0,0728;1,2929;0,4834;1,382
22,325593;-1,3672;1,3425;0,4376;1,965
22,327021;-1,9675;1,2397;1,0751;2,562
22,347875;-1,4888;0,9793;1,0214;2,054
22,349827;-0,8322;0,6013;0,9699;1,412
22,372591;-0,4585;0,2588;0,9213;1,061
22,375087;0,0756;-0,2770;-0,6872;0,745
22,376276;0,1320;-0,4317;-0,6908;0,825
22,402827;-0,2525;-0,1641;-0,6847;0,748
22,404742;0,4962;-0,0095;0,5835;0,766
22,422457;1,4263;-0,4291;0,5936;1,603
22,424733;2,2146;-0,6185;0,5905;2,374
22,425863;2,1690;-0,4241;0,5735;2,283
22,447369;1,5394;0,0363;-0,3711;1,584
22,449597;0,7675;0,1898;-0,4018;0,887
22,472584;0,2243;0,3058;-0,4357;0,578
22,474808;0,5584;0,1516;-1,2549;1,382
22,475819;1,3712;0,1086;-1,2257;1,842
22,497671;1,0715;0,1076;-1,1923;1,607
22,499733;0,0667;0,2993;-1,0763;1,119
22,522950;-1,6758;0,4522;-1,0198;2,013
22,525066;-1,7373;0,4539;-0,5492;1,878
22,526542;-1,5206;0,0351;-0,5139;1,605
22,547426;-0,8801;-0,2301;0,5521;1,064
22,549419;-0,6957;-0,2646;0,5744;0,940
22,572618;-1,3001;-0,1478;0,5968;1,438
22,575337;-2,0357;0,1561;0,6337;2,138
22,576873;-1,8227;0,1484;-0,0814;1,831
22,597408;-1,0136;-0,0157;-0,0227;1,014
22,599319;-0,1616;-0,3715;0,0365;0,407
22,622221;0,3079;-0,5735;0,0958;0,658
22,624450;0,0909;-0,6974;0,1371;0,717
22,625605;-0,4519;-0,6289;0,1390;0,787
22,647357;-1,5210;-0,2161;0,0254;1,536
22,649589;-1,2358;0,4646;-0,1708;1,331
22,672564;0,0383;0,7649;-0,1925;0,790
22,674721;0,3835;0,6454;-0,0230;0,751
22,676198;0,2968;0,4505;-0,0431;0,541
22,697380;-0,3321;0,1033;-1,1351;1,187
22,699037;-0,7292;-0,0147;-0,1093;0,738
22,722188;-0,7735;-0,2864;-0,1117;0,832
22,724640;-0,4560;-0,3653;-0,8017;0,992
22,725839;-0,0164;-0,2510;-0,8038;0,842
22,747608;0,0926;-0,2122;-0,1163;0,259
22,749892;0,3129;0,0180;-0,8055;0,864
22,772607;0,3037;0,0566;-0,8043;0,862
22,774916;0,2948;0,0562;-0,0658;0,307
22,776087;0,5160;0,0558;-0,0548;0,522
22,797576;0,5676;-0,2889;-0,4619;0,787
22,799586;0,5261;-0,4416;-0,4397;0,816
22,822672;0,3773;-0,3653;-0,3310;0,621
22,824937;0,1997;-0,2896;-0,2967;0,460
22,826312;-0,0441;-0,0610;-0,2631;0,274
22,847791;-0,1666;0,4356;-0,2321;0,521
22,850595;-0,2527;0,8176;-0,3731;0,934
22,872459;-0,3134;1,0857;-0,3446;1,181
22,875158;-0,0669;1,0474;-0,3257;1,099
22,876742;0,4522;0,5109;-0,2969;0,744
22,897369;0,7056;-0,1406;-0,4250;0,836
22,899040;1,0322;-0,4469;0,2253;1,147
22,922810;-0,1439;-0,0246;0,2510;0,290
22,925530;-0,6692;-0,4447;-0,3070;0,860
22,926860;-0,8426;-0,6355;-0,2818;1,092
22,947365;-0,7253;-0,3301;-0,2700;0,841
22,949540;-0,6014;0,0900;-0,2486;0,657
22,972625;-0,4345;0,5866;-0,3530;0,811
22,975081;-0,2988;0,6997;-0,3433;0,835
22,976587;-0,2766;0,6977;-0,3220;0,817
22,997428;-0,2159;0,3892;-0,2742;0,523
22,999117;-0,3474;0,1574;-0,2532;0,458
23,023334;-0,3260;0,0408;-0,2448;0,410
23,030556;-0,2996;0,0771;-0,2273;0,384
23,033024;-0,3865;0,2666;-0,1814;0,503
23,047289;0,1416;1,1074;-0,1713;1,129
23,048938;0,0216;1,3735;-0,1520;1,382
23,072820;-0,4349;1,1030;-0,1443;1,194
23,075084;-0,4696;0,3731;-0,1217;0,612
23,076254;-0,2819;-0,4712;-0,0874;0,556
23,097461;0,0087;-1,2383;-0,0709;1,240
23,099325;-0,0871;-1,6604;0,0973;1,666
23,122023;-0,1106;-1,7375;0,1114;1,745
23,123111;-0,1025;-1,7761;0,4248;1,829
23,123675;0,5562;-2,2360;0,4328;2,344
23,147399;2,0573;-2,1979;0,9883;3,169
23,149697;2,7922;-0,8957;1,0701;3,122
23,172215;0,3055;2,6668;1,0742;2,891
23,174665;-1,2304;3,5097;1,6829;4,082
23,175979;-1,6954;3,5481;1,6742;4,274
23,197167;-1,3923;3,0501;1,6498;3,737
23,199166;-0,8519;1,9391;-0,0272;2,118
23,223023;-0,4643;0,7515;-0,0572;0,885
23,225267;-0,1539;-0,3594;-0,0878;0,401
23,226793;0,0026;-1,3169;-0,1189;1,322
23,247356;-0,2243;-2,7340;-0,0355;2,743
23,249266;-0,4472;-4,1511;0,0474;4,175
23,272409;-0,2433;-5,3001;0,0152;5,306
23,274748;0,4602;-5,5296;0,9023;5,622
23,275744;1,0875;-4,8389;0,8417;5,030
23,297568;1,6385;-3,1896;0,7697;3,668
23,299697;2,4200;1,3333;0,6943;2,849
23,322925;2,5163;3,1364;-1,2089;4,199
23,324680;2,6892;4,4391;-1,2205;5,332
23,325602;2,6255;5,2820;-1,4578;6,076
23,347178;2,3383;5,6264;-1,4438;6,262
23,349130;1,6970;4,8989;-1,4204;5,376
23,372388;0,7955;3,4069;-1,3968;3,767
23,374777;0,3936;1,8775;-0,8732;2,108
23,376200;0,1881;0,5015;-0,8371;0,994
23,397652;0,0234;-0,6823;1,2359;1,412
23,399586;-0,1816;-1,4435;1,6570;2,205
23,422566;-0,4661;-2,2417;1,6942;2,848
23,424594;-0,5582;-2,2337;1,3172;2,653
23,425911;-1,1815;-2,1112;1,3501;2,770
23,447284;-1,4936;-1,4946;1,1624;2,412
23,449591;-1,5671;-0,8023;0,0726;1,762
23,472664;-1,6042;-0,1475;0,1255;1,616
23,475193;-1,4430;0,4690;0,1254;1,522
23,476090;-1,2302;0,8158;0,1236;1,481
23,508728;-1,0601;1,1203;0,0778;1,544
23,510937;-0,8852;1,2668;-0,6995;1,696
23,532713;-0,6808;1,2956;-0,7108;1,627
23,535040;-0,7083;1,0191;-0,7225;1,436
23,536279;-0,5481;0,8204;-0,7419;1,234
23,548614;-0,5739;0,5839;-0,6149;1,024
23,551060;-0,6300;0,6158;-0,6371;1,087
23,572596;-0,6441;0,3420;-0,0444;0,731
23,574002;-0,5006;0,2216;-0,0336;0,548
23,575615;-0,4336;0,0258;0,3221;0,541
23,607161;-0,3323;-0,0529;0,3331;0,473
23,609072;-0,2794;-0,0924;0,5972;0,666
23,622019;0,3422;-0,2081;0,5900;0,713
23,623551;0,8773;-0,3237;0,5939;1,108
23,624904;0,9396;-0,5156;0,5976;1,227
23,647293;0,7988;-0,4775;0,6011;1,108
23,649517;0,6880;-0,4772;0,6258;1,045
23,672309;0,5746;-0,3619;0,6066;0,911
23,674429;0,5748;-0,3611;0,5361;0,865
23,675339;0,6084;-0,3218;0,4997;0,850
23,703012;0,7757;-0,2821;0,1942;0,848
23,704635;0,7392;-0,2802;0,1554;0,806
23,722415;0,6595;-0,2012;0,1142;0,699
23,724118;0,3823;-0,1217;0,4550;0,607
23,724863;0,2552;-0,1949;0,4122;0,523
23,747969;0,3574;-0,0761;0,4840;0,606
23,750105;0,3059;-0,1483;0,4404;0,556
23,773155;0,1403;-0,1051;0,3963;0,433
23,775327;0,0922;-0,1382;0,3107;0,352
23,776347;-0,1034;0,0972;0,2636;0,299
23,802645;-0,2173;0,1796;-0,5227;0,594
23,804593;-0,1750;0,4140;-0,5535;0,713
23,823933;-0,0157;0,4180;-0,6533;0,776
23,825322;-0,0062;0,3057;-0,6619;0,729
23,826476;-0,1827;0,3839;-0,6306;0,761
23,847491;-0,3016;0,3070;-0,6246;0,759
23,849591;-0,3334;0,0379;-0,7627;0,833
23,872536;-0,4009;-0,1936;-0,7512;0,873
23,875207;-0,3862;-0,4275;-0,7281;0,928
23,876428;-0,3695;-0,5082;-0,7012;0,942
23,904345;-0,4257;-0,3210;-0,6600;0,848
23,906337;-0,4814;0,0197;-0,5590;0,738
23,925058;-0,6492;0,3986;-0,5158;0,920
23,927114;-0,8155;0,5092;-0,4705;1,070
23,928074;-0,6363;0,4667;-0,4192;0,894
23,947323;-0,2621;-0,1503;-0,3328;0,450
23,949376;-0,1583;-0,4604;-0,3414;0,595
23,972534;-0,0565;-0,6934;-0,2896;0,754
23,975132;0,0432;-0,8493;-0,1951;0,872
23,976486;0,0659;-0,8132;-0,1489;0,829
24,004391;0,0494;-0,7384;-0,1600;0,757
24,006386;0,0305;-0,4717;-0,0681;0,478
24,024822;0,0493;-0,2431;-0,0311;0,250
24,026711;-0,0505;-0,0905;-0,0214;0,106
24,027865;-0,1129;-0,0911;-0,0117;0,146
24,047219;-0,3699;0,1001;-0,0448;0,386
24,048685;-0,4742;-0,0152;-0,0381;0,476
24,072121;-0,3897;0,0228;-0,0126;0,391
24,074167;-0,4987;0,1375;-0,0115;0,517
24,075098;-0,4943;0,2140;-0,0122;0,539
24,097635;-0,4554;0,0991;-0,0116;0,466
24,099313;-0,4521;0,0607;-0,0126;0,456
24,122267;-0,3951;-0,0164;-0,0119;0,396
24,124126;-0,5230;0,1745;-0,0304;0,552
24,125187;-0,5715;0,1739;-0,0297;0,598
24,146733;-0,6173;0,2499;0,0235;0,666
24,148485;-0,6624;0,3260;-0,0336;0,739
24,171882;-0,6694;0,2107;-0,0327;0,703
24,173170;-0,5980;-0,2493;0,0240;0,648
24,174012;-0,2587;-1,7051;0,0250;1,725
24,197232;0,3863;-3,4673;1,5580;3,821
24,199051;0,6097;-2,4713;2,3636;3,474
24,222441;0,2968;-0,3643;2,3648;2,411
24,224067;-0,0928;1,6662;1,5609;2,285
24,224841;-0,8668;3,2371;1,5598;3,696
24,247512;-1,5637;3,7739;1,4047;4,320
24,249315;-1,7608;3,3914;1,4027;4,071
24,272469;-1,1618;2,0519;1,3324;2,708
24,275104;-0,4097;0,7135;1,2397;1,488
24,276523;0,0346;-0,1643;1,1856;1,197
24,297438;0,0513;-0,0071;1,0927;1,094
24,299240;-0,1686;0,5724;0,9978;1,163
24,322456;0,0674;-0,4562;0,6729;0,816
24,323958;0,0681;-0,4498;0,5777;0,735
24,325065;0,9875;-1,2085;-0,3603;1,602
24,347344;1,1790;-0,7406;-0,4554;1,465
24,349696;1,8301;-0,7699;-0,7016;2,106
24,372472;1,2937;-1,1814;-0,7937;1,923
24,374804;-0,2769;-0,9026;-1,3069;1,612
24,376064;-1,3863;-0,4701;-1,3957;2,023
24,396417;-1,3086;-0,0762;-1,4759;1,974
24,398612;-1,1946;0,0424;-1,5025;1,920
24,422801;-1,3533;0,1617;-0,0020;1,363
24,425041;-1,5193;0,7310;0,0328;1,686
24,426518;-1,0342;2,1431;0,0678;2,381
24,447327;-0,7273;3,1343;0,1031;3,219
24,449129;-0,3291;3,7421;-0,0842;3,757
24,472573;-0,9633;3,6605;-0,0407;3,785
24,475053;-1,6966;2,6187;-2,5368;4,021
24,476402;-2,0999;1,0800;-2,4621;3,411
24,497654;-2,7582;0,3845;-2,3770;3,661
24,499290;-2,8758;0,3417;1,3852;3,210
24,523050;-1,0633;-0,1571;1,4530;1,807
24,525385;1,4027;-0,6892;3,0855;3,459
24,526529;0,7257;0,5417;3,1063;3,236
24,547706;-0,1110;2,0810;3,1080;3,742
24,549958;-0,0862;2,4709;3,0957;3,962
24,572550;0,5017;2,9759;1,0439;3,193
24,574933;0,5399;2,9822;1,0161;3,196
24,576384;1,9085;0,6514;-0,3584;2,048
24,597689;2,7673;-0,0335;-0,3893;2,795
24,599328;3,0891;0,1247;-1,5345;3,452
24,622910;2,7579;0,1672;-1,5611;3,174
24,624963;2,9356;-0,2133;-1,6018;3,351
24,626400;2,6251;-0,6345;-1,6466;3,163
24,647876;2,7725;-0,4791;1,0171;2,992
24,649495;2,6067;0,2882;0,9120;2,777
24,672493;3,4407;0,8626;0,8200;3,641
24,674776;3,6671;1,2399;0,2417;3,879
24,676141;4,0052;1,3128;0,2140;4,220
24,697392;4,4953;1,2346;0,1993;4,666
24,699307;4,9959;1,5825;2,6321;5,864
24,722954;5,4195;2,0882;2,6069;6,366
24,724074;4,7328;2,0221;2,7413;5,831
24,724716;3,9343;2,1143;2,7302;5,235
24,747601;3,2210;1,6791;2,7143;4,535
24,749846;2,3325;0,6818;1,5311;2,872
24,772670;1,7180;-0,4608;1,4932;2,322
24,775025;1,3632;-1,6742;1,3596;2,551
24,775825;1,1029;-2,4955;1,2690;3,009
24,797047;0,9150;-2,6748;1,1810;3,064
24,798910;0,9625;-2,7094;1,1410;3,093
24,822696;1,2579;-2,5546;1,1393;3,067
24,824790;1,6086;-2,1700;1,0865;2,912
24,826116;1,5895;-1,9252;3,1968;4,056
24,847693;0,4860;-2,3593;3,1058;3,930
24,849882;-0,3104;-2,7024;3,4292;4,377
24,872530;-0,8704;-2,9259;3,2858;4,485
24,874910;-1,0714;-3,2235;3,4402;4,835
24,876147;-0,7419;-3,2188;3,2784;4,654
24,897593;-0,4703;-2,9845;3,6844;4,765
24,899632;-0,0156;-2,8564;3,4701;4,495
24,923169;0,1798;-3,2085;3,2175;4,547
24,925224;0,3721;-4,0797;2,7570;4,938
24,926714;0,3988;-4,9427;2,5051;5,556
24,947340;0,3756;-5,4327;2,2279;5,884
24,949430;0,2609;-5,5115;1,9363;5,848
24,972665;0,2280;-5,0264;1,7756;5,336
24,975023;0,2450;-4,3688;1,4541;4,611
24,975942;0,1823;-3,2566;1,6423;3,652
24,997605;1,3588;0,8410;1,3532;2,094
24,999581;2,3794;-0,3118;1,1358;2,655
25,022949;2,5514;-1,3856;0,7034;2,987
25,024869;2,2138;-1,5719;0,5139;2,763
25,026128;1,4910;-1,3339;-1,4659;2,480
25,047531;1,3433;-1,3995;-1,6753;2,563
25,049453;0,6707;-1,6387;-1,8021;2,526
25,072537;0,2493;-1,5424;-1,8650;2,433
25,074546;0,0066;-1,3812;-1,9423;2,383
25,076064;-0,4585;-1,3505;-1,8151;2,308
25,108605;-0,5305;-1,2655;-1,8643;2,315
25,111052;-0,3781;-1,1441;-1,8391;2,199
25,129937;-0,3897;-1,1161;-1,8313;2,180
25,131796;-0,4390;-0,9022;1,0167;1,428
25,132660;-0,2955;-0,5854;1,0393;1,229
25,148724;-0,4474;-0,4563;1,0804;1,255
25,150490;-0,4032;-0,2559;1,3531;1,435
25,172513;-0,5118;-0,2483;1,3975;1,509
25,174662;-0,6180;-0,5164;0,7572;1,105
25,175648;-0,7979;-0,5605;-0,9525;1,363
25,207916;-0,8067;-0,6757;-0,9168;1,396
25,209651;-0,8049;-0,7961;-0,8848;1,437
25,228896;-0,5629;-0,2373;-0,8528;1,049
25,230884;-0,5701;-0,2573;-0,1425;0,642
25,231923;0,3570;1,1499;-0,1409;1,212
25,249184;0,2119;1,0620;-0,1387;1,092
25,251174;-0,4075;0,5362;-0,3628;0,765
